﻿<?xml version="1.0" encoding="utf-8"?>
<deployment>
  <id>519b410d-37f6-4743-a808-616460c486e4</id>
  <author>N/A</author>
  <deployer>OneDeploy</deployer>
  <authorEmail>N/A</authorEmail>
  <message>OneDeploy</message>
  <progress></progress>
  <status>Success</status>
  <statusText></statusText>
  <lastSuccessEndTime>2025-07-06T18:36:34.8585321Z</lastSuccessEndTime>
  <receivedTime>2025-07-06T18:35:07.1150288Z</receivedTime>
  <startTime>2025-07-06T18:35:08.6567469Z</startTime>
  <endTime>2025-07-06T18:36:34.8585321Z</endTime>
  <complete>True</complete>
  <is_temp>False</is_temp>
  <is_readonly>True</is_readonly>
  <buildSummary />
</deployment>