﻿<?xml version="1.0" encoding="utf-8"?>
<deployment>
  <id>34552465-d030-41fb-bc2e-abd1fd96c6d3</id>
  <author>N/A</author>
  <deployer>OneDeploy</deployer>
  <authorEmail>N/A</authorEmail>
  <message>OneDeploy</message>
  <progress></progress>
  <status>Success</status>
  <statusText></statusText>
  <lastSuccessEndTime>2025-07-06T15:00:24.0102098Z</lastSuccessEndTime>
  <receivedTime>2025-07-06T14:58:58.0855983Z</receivedTime>
  <startTime>2025-07-06T14:58:59.4588501Z</startTime>
  <endTime>2025-07-06T15:00:24.0102098Z</endTime>
  <complete>True</complete>
  <is_temp>False</is_temp>
  <is_readonly>True</is_readonly>
  <buildSummary />
</deployment>