﻿<?xml version="1.0" encoding="utf-8"?>
<deployment>
  <id>e6cb68b9-96a2-4ffb-87a9-305eef2176f4</id>
  <author>N/A</author>
  <deployer>OneDeploy</deployer>
  <authorEmail>N/A</authorEmail>
  <message>OneDeploy</message>
  <progress></progress>
  <status>Success</status>
  <statusText></statusText>
  <lastSuccessEndTime>2025-07-06T15:29:15.7265731Z</lastSuccessEndTime>
  <receivedTime>2025-07-06T15:27:54.2001928Z</receivedTime>
  <startTime>2025-07-06T15:27:55.5820958Z</startTime>
  <endTime>2025-07-06T15:29:15.7265731Z</endTime>
  <complete>True</complete>
  <is_temp>False</is_temp>
  <is_readonly>True</is_readonly>
  <buildSummary />
</deployment>