﻿<?xml version="1.0" encoding="utf-8"?>
<deployment>
  <id>f4dc37d1-a557-4acd-ba20-ba19b0575c40</id>
  <author>N/A</author>
  <deployer>OneDeploy</deployer>
  <authorEmail>N/A</authorEmail>
  <message>OneDeploy</message>
  <progress></progress>
  <status>Success</status>
  <statusText></statusText>
  <lastSuccessEndTime>2025-07-06T14:50:01.1205085Z</lastSuccessEndTime>
  <receivedTime>2025-07-06T14:48:42.2614675Z</receivedTime>
  <startTime>2025-07-06T14:48:43.6925062Z</startTime>
  <endTime>2025-07-06T14:50:01.1205085Z</endTime>
  <complete>True</complete>
  <is_temp>False</is_temp>
  <is_readonly>True</is_readonly>
  <buildSummary />
</deployment>