﻿<?xml version="1.0" encoding="utf-8"?>
<deployment>
  <id>d4baf627-d22a-4a46-9415-760cc1471286</id>
  <author>N/A</author>
  <deployer>OneDeploy</deployer>
  <authorEmail>N/A</authorEmail>
  <message>OneDeploy</message>
  <progress></progress>
  <status>Success</status>
  <statusText></statusText>
  <lastSuccessEndTime>2025-07-06T20:35:49.365487Z</lastSuccessEndTime>
  <receivedTime>2025-07-06T20:34:34.0714624Z</receivedTime>
  <startTime>2025-07-06T20:34:35.4912362Z</startTime>
  <endTime>2025-07-06T20:35:49.365487Z</endTime>
  <complete>True</complete>
  <is_temp>False</is_temp>
  <is_readonly>True</is_readonly>
  <buildSummary />
</deployment>