﻿<?xml version="1.0" encoding="utf-8"?>
<deployment>
  <id>85a46a5f-9e9c-4955-9c47-ee9e828accd9</id>
  <author>N/A</author>
  <deployer>OneDeploy</deployer>
  <authorEmail>N/A</authorEmail>
  <message>OneDeploy</message>
  <progress></progress>
  <status>Success</status>
  <statusText></statusText>
  <lastSuccessEndTime>2025-07-06T18:54:05.7669593Z</lastSuccessEndTime>
  <receivedTime>2025-07-06T18:52:45.4876328Z</receivedTime>
  <startTime>2025-07-06T18:52:46.9288771Z</startTime>
  <endTime>2025-07-06T18:54:05.7669593Z</endTime>
  <complete>True</complete>
  <is_temp>False</is_temp>
  <is_readonly>True</is_readonly>
  <buildSummary />
</deployment>