﻿<?xml version="1.0" encoding="utf-8"?>
<deployment>
  <id>363d2613-87a2-4574-818e-53f7a005f494</id>
  <author>N/A</author>
  <deployer>OneDeploy</deployer>
  <authorEmail>N/A</authorEmail>
  <message>OneDeploy</message>
  <progress></progress>
  <status>Success</status>
  <statusText></statusText>
  <lastSuccessEndTime>2025-07-06T15:13:22.8260411Z</lastSuccessEndTime>
  <receivedTime>2025-07-06T15:11:46.3780302Z</receivedTime>
  <startTime>2025-07-06T15:11:47.7799654Z</startTime>
  <endTime>2025-07-06T15:13:22.8260411Z</endTime>
  <complete>True</complete>
  <is_temp>False</is_temp>
  <is_readonly>True</is_readonly>
  <buildSummary />
</deployment>