<step title="Incoming Request" date="2025-07-06T18:52:40.753" instance="640bf5" url="/api/publish?type=zip" method="POST" type="request" pid="767,1,17" Accept="*/*" Host="mcp-bc-javi-chb7bue4evbkeyb0.scm.westeurope-01.azurewebsites.net" User-Agent="AZURECLI/2.63.0 (MSI)" Accept-Encoding="gzip, deflate" Authorization="Bea..." Cache-Control="no-cache" Content-Type="application/octet-stream" Content-Length="26257" x-ms-client-request-id="612d85ab-5a9a-11f0-8bb6-8c1759e0f244" x-ms-artifact-checksum="9445fbb1f55938b500e1595dc6d1a6fcde99bb888f13ad931c6bbecdecf19d41" X-ARR-LOG-ID="612d85ab-5a9a-11f0-8bb6-8c1759e0f244" CLIENT-IP="149.74.208.147:49687" X-SITE-DEPLOYMENT-ID="mcp-bc-javi" WAS-DEFAULT-HOSTNAME="mcp-bc-javi-chb7bue4evbkeyb0.scm.westeurope-01.azurewebsites.net" X-Forwarded-Proto="https" X-AppService-Proto="https" X-Forwarded-TlsVersion="1.3" X-WAWS-Unencoded-URL="/api/publish?type=zip" X-Client-IP="149.74.208.147" X-Client-Port="49687" >
  <step title="Cleanup Xml Logs" date="2025-07-06T18:52:40.759" >
    <step title="Cleanup Infos" date="2025-07-06T18:52:40.776" totalFiles="255" totalCleanup="95" /><!-- duration: 6ms -->
  </step><!-- duration: 29ms -->
  <step title="OneDeploy" date="2025-07-06T18:52:40.828" >
    <step title="Starting PushDeployAsync" date="2025-07-06T18:52:40.853" /><!-- duration: 6ms -->
    <step title="Writing artifact to /tmp/zipdeploy/b9a3166f-4b5e-4119-9a9d-520467155e73.zip" date="2025-07-06T18:52:40.879" >
      <step title="Writing multipart request body to /tmp/zipdeploy/b9a3166f-4b5e-4119-9a9d-520467155e73.zip" date="2025-07-06T18:52:40.897" /><!-- duration: 5ms -->
    </step><!-- duration: 118ms -->
    <step title="Removing previous build artifact&apos;s manifest file" date="2025-07-06T18:52:41.028" >
      <step title="Attempting to fetch target branch HEAD" date="2025-07-06T18:52:41.078" /><!-- duration: 5ms -->
      <step title="Acquiring Deployment Lock" date="2025-07-06T18:52:41.091" /><!-- duration: 16ms -->
      <step title="Acquired Deployment Lock" date="2025-07-06T18:52:41.144" /><!-- duration: 5ms -->
      <step title="Performing fetch based deployment" date="2025-07-06T18:52:41.160" >
        <step title="Creating temporary deployment" date="2025-07-06T18:52:41.167" /><!-- duration: 83ms -->
        <step title="Releasing Deployment Lock" date="2025-07-06T18:52:42.509" /><!-- duration: 30ms -->
        <step title="Cleaning up temp folders from previous zip deployments and extracting pushed zip file /tmp/zipdeploy/b9a3166f-4b5e-4119-9a9d-520467155e73.zip (0.03 MB) to /tmp/zipdeploy/extracted" date="2025-07-06T18:52:42.657" >
          <step title="ChmodRecursive Process exited with total time taken in ms: 383" date="2025-07-06T18:52:43.171" /><!-- duration: 50ms -->
        </step><!-- duration: 583ms -->
        <step title="None repository commit" date="2025-07-06T18:52:43.283" >
          <step title="Commit id: 85a46a5f-9e9c-4955-9c47-ee9e828accd9" date="2025-07-06T18:52:43.320" Message="OneDeploy" AuthorName="N/A" AuthorEmail="N/A" /><!-- duration: 41ms -->
        </step><!-- duration: 97ms -->
        <step title="Deployment timer started" date="2025-07-06T18:52:45.395" >
          <step title="DeploymentManager.Deploy(id:85a46a5f-9e9c-4955-9c47-ee9e828accd9)" date="2025-07-06T18:52:45.414" >
            <step title="Collecting changeset information" date="2025-07-06T18:52:45.449" /><!-- duration: 99ms -->
            <step title="Updating submodules" date="2025-07-06T18:52:45.559" /><!-- duration: 1146ms -->
            <step title="Determining deployment builder" date="2025-07-06T18:52:46.989" >
              <step title="Builder is OryxBuilder" date="2025-07-06T18:52:47.021" /><!-- duration: 5ms -->
            </step><!-- duration: 42ms -->
            <step title="PreDeployment: context.CleanOutputPath False" date="2025-07-06T18:52:47.087" >
              <step title="PreDeployment: context.OutputPath /home/site/wwwroot" date="2025-07-06T18:52:47.233" >
                <step title="Building" date="2025-07-06T18:52:47.390" >
                  <step title="Executing external process" date="2025-07-06T18:52:47.764" type="process" path="bash" arguments="-c &quot;oryx build /tmp/zipdeploy/extracted -o /home/site/wwwroot --platform python --platform-version 3.12 -p virtualenv_name=antenv --log-file /tmp/build-debug.log  -i /tmp/8ddbcbe4c899ce3 --compress-destination-dir | tee /tmp/oryx-build.log ; exit $PIPESTATUS &quot;" /><!-- duration: 74797ms -->
                  <step title="Using PythonDeploymentLogParser" date="2025-07-06T18:54:03.569" /><!-- duration: 17ms -->
                  <step title="Modified file to trigger a restart of the app container." date="2025-07-06T18:54:05.258" /><!-- duration: 5ms -->
                  <step title="Skip function trigger and logicapp sync because function is not enabled." date="2025-07-06T18:54:05.281" /><!-- duration: 31ms -->
                  <step title="Purge deployment items" date="2025-07-06T18:54:06.383" >
                    <step title="Remove d9cca527-, Success, received at 07/05/2025 15:45:09" date="2025-07-06T18:54:06.456" /><!-- duration: 5ms -->
                  </step><!-- duration: 83ms -->
                </step><!-- duration: 79140ms -->
              </step><!-- duration: 79309ms -->
              <step title="Cleaning up temp files" date="2025-07-06T18:54:06.546" /><!-- duration: 2188ms -->
              <step title="Cleaning up temp files" date="2025-07-06T18:54:08.740" /><!-- duration: 513ms -->
              <step title="Reloading status file with latest updates" date="2025-07-06T18:54:09.311" >
                <step title="WebHooksManager.PublishEventAsync: PostDeployment" date="2025-07-06T18:54:09.324" /><!-- duration: 70ms -->
              </step><!-- duration: 95ms -->
              <step title="Cleaning up temporary deployment - fetch deployment was successful" date="2025-07-06T18:54:09.428" /><!-- duration: 6ms -->
            </step><!-- duration: 82432ms -->
          </step><!-- duration: 84113ms -->
          <step title="Outgoing response" date="2025-07-06T18:54:09.545" type="response" statusCode="200" statusText="OK" /><!-- duration: 7ms -->
        </step><!-- duration: 84162ms -->
