<step title="Incoming Request" date="2025-07-04T16:52:41.303" instance="42864b" url="/api/publish?type=zip" method="POST" type="request" pid="767,1,14" Accept="*/*" Host="mcp-bc-javi-chb7bue4evbkeyb0.scm.westeurope-01.azurewebsites.net" User-Agent="AZURECLI/2.63.0 (MSI)" Accept-Encoding="gzip, deflate" Authorization="Bea..." Cache-Control="no-cache" Content-Type="application/octet-stream" Content-Length="10855" x-ms-client-request-id="49324532-58f7-11f0-a110-8c1759e0f244" x-ms-artifact-checksum="9d41954f87cb759819febe45ef981ca02bb56ebb3f4ed6458f25a43cdf48f71c" X-ARR-LOG-ID="49324532-58f7-11f0-a110-8c1759e0f244" CLIENT-IP="149.74.208.147:51214" X-SITE-DEPLOYMENT-ID="mcp-bc-javi" WAS-DEFAULT-HOSTNAME="mcp-bc-javi-chb7bue4evbkeyb0.scm.westeurope-01.azurewebsites.net" X-Forwarded-Proto="https" X-AppService-Proto="https" X-Forwarded-TlsVersion="1.3" X-WAWS-Unencoded-URL="/api/publish?type=zip" X-Client-IP="149.74.208.147" X-Client-Port="51214" >
  <step title="OneDeploy" date="2025-07-04T16:52:41.510" >
    <step title="None repository commit" date="2025-07-04T16:52:41.530" >
      <step title="Commit id: 33447d31-9ed2-4eda-ac92-5bbb5d2fdc1c" date="2025-07-04T16:52:41.537" Message="N/A" AuthorName="N/A" AuthorEmail="N/A" /><!-- duration: 10ms -->
    </step><!-- duration: 26ms -->
    <step title="Starting PushDeployAsync" date="2025-07-04T16:52:41.562" /><!-- duration: 5ms -->
    <step title="Writing artifact to /tmp/zipdeploy/4f2a4257-5c16-4a73-814c-d2de889a4fc6.zip" date="2025-07-04T16:52:41.584" >
      <step title="Writing multipart request body to /tmp/zipdeploy/4f2a4257-5c16-4a73-814c-d2de889a4fc6.zip" date="2025-07-04T16:52:41.591" /><!-- duration: 6ms -->
    </step><!-- duration: 29ms -->
    <step title="Removing previous build artifact&apos;s manifest file" date="2025-07-04T16:52:41.625" >
      <step title="Attempting to fetch target branch HEAD" date="2025-07-04T16:52:41.649" /><!-- duration: 7ms -->
      <step title="Acquiring Deployment Lock" date="2025-07-04T16:52:41.664" /><!-- duration: 6ms -->
      <step title="Acquired Deployment Lock" date="2025-07-04T16:52:41.712" /><!-- duration: 6ms -->
      <step title="Performing fetch based deployment" date="2025-07-04T16:52:41.734" >
        <step title="Creating temporary deployment" date="2025-07-04T16:52:41.741" /><!-- duration: 71ms -->
        <step title="Releasing Deployment Lock" date="2025-07-04T16:52:43.017" /><!-- duration: 13ms -->
        <step title="Cleaning up temp folders from previous zip deployments and extracting pushed zip file /tmp/zipdeploy/4f2a4257-5c16-4a73-814c-d2de889a4fc6.zip (0.01 MB) to /tmp/zipdeploy/extracted" date="2025-07-04T16:52:43.080" >
          <step title="ChmodRecursive Process exited with total time taken in ms: 45" date="2025-07-04T16:52:43.140" /><!-- duration: 7ms -->
        </step><!-- duration: 74ms -->
        <step title="None repository commit" date="2025-07-04T16:52:43.160" >
          <step title="Commit id: 33447d31-9ed2-4eda-ac92-5bbb5d2fdc1c" date="2025-07-04T16:52:43.166" Message="OneDeploy" AuthorName="N/A" AuthorEmail="N/A" /><!-- duration: 6ms -->
        </step><!-- duration: 16ms -->
        <step title="Deployment timer started" date="2025-07-04T16:52:45.183" >
          <step title="DeploymentManager.Deploy(id:33447d31-9ed2-4eda-ac92-5bbb5d2fdc1c)" date="2025-07-04T16:52:45.195" >
            <step title="Collecting changeset information" date="2025-07-04T16:52:45.222" /><!-- duration: 107ms -->
            <step title="Updating submodules" date="2025-07-04T16:52:45.340" /><!-- duration: 1170ms -->
            <step title="Determining deployment builder" date="2025-07-04T16:52:46.750" >
              <step title="Builder is OryxBuilder" date="2025-07-04T16:52:46.768" /><!-- duration: 6ms -->
            </step><!-- duration: 39ms -->
            <step title="PreDeployment: context.CleanOutputPath False" date="2025-07-04T16:52:46.839" >
              <step title="PreDeployment: context.OutputPath /home/site/wwwroot" date="2025-07-04T16:52:46.954" >
                <step title="Building" date="2025-07-04T16:52:47.135" >
                  <step title="Executing external process" date="2025-07-04T16:52:47.548" type="process" path="bash" arguments="-c &quot;oryx build /tmp/zipdeploy/extracted -o /home/site/wwwroot --platform python --platform-version 3.11 -p virtualenv_name=antenv --log-file /tmp/build-debug.log  -i /tmp/8ddbb1b34084d57 --compress-destination-dir | tee /tmp/oryx-build.log ; exit $PIPESTATUS &quot;" /><!-- duration: 31203ms -->
                  <step title="Using PythonDeploymentLogParser" date="2025-07-04T16:53:19.185" /><!-- duration: 5ms -->
                  <step title="Modified file to trigger a restart of the app container." date="2025-07-04T16:53:20.446" /><!-- duration: 9ms -->
                  <step title="Skip function trigger and logicapp sync because function is not enabled." date="2025-07-04T16:53:20.465" /><!-- duration: 5ms -->
                </step><!-- duration: 34339ms -->
              </step><!-- duration: 34535ms -->
              <step title="Cleaning up temp files" date="2025-07-04T16:53:21.494" /><!-- duration: 1797ms -->
              <step title="Cleaning up temp files" date="2025-07-04T16:53:23.301" /><!-- duration: 506ms -->
              <step title="Reloading status file with latest updates" date="2025-07-04T16:53:23.845" >
                <step title="WebHooksManager.PublishEventAsync: PostDeployment" date="2025-07-04T16:53:23.851" /><!-- duration: 65ms -->
              </step><!-- duration: 76ms -->
              <step title="Cleaning up temporary deployment - fetch deployment was successful" date="2025-07-04T16:53:23.933" /><!-- duration: 6ms -->
            </step><!-- duration: 37161ms -->
          </step><!-- duration: 38841ms -->
          <step title="Outgoing response" date="2025-07-04T16:53:24.065" type="response" statusCode="200" statusText="OK" /><!-- duration: 6ms -->
        </step><!-- duration: 38892ms -->
