<step title="BackgroundTrace" date="2025-07-05T14:57:40.795" instance="640bf5" url="/api/zipdeploy" method="POST" >
  <step title="Cleanup Xml Logs" date="2025-07-05T14:57:40.806" /><!-- duration: 15ms -->
  <step title="Creating temporary deployment - FetchDeploymentManager" date="2025-07-05T14:57:40.917" /><!-- duration: 13ms -->
  <step title="Creating temporary deployment" date="2025-07-05T14:57:40.937" /><!-- duration: 94ms -->
  <step title="Performing fetch based deployment" date="2025-07-05T14:57:41.102" >
    <step title="Cleaning up temp folders from previous zip deployments and extracting pushed zip file /tmp/zipdeploy/9a6aeae8-2d0a-4018-8b5b-1fcf38d878a0.zip (5.65 MB) to /tmp/zipdeploy/extracted" date="2025-07-05T14:57:42.828" >
      <step title="ChmodRecursive Process exited with total time taken in ms: 158" date="2025-07-05T14:57:44.096" /><!-- duration: 11ms -->
    </step><!-- duration: 1297ms -->
    <step title="Deployment timer started" date="2025-07-05T14:57:46.152" >
      <step title="DeploymentManager.Deploy(id:15a4beec-9af2-480d-8aa1-8da5eea4f268)" date="2025-07-05T14:57:46.174" >
        <step title="Collecting changeset information" date="2025-07-05T14:57:46.238" /><!-- duration: 100ms -->
        <step title="Updating submodules" date="2025-07-05T14:57:46.349" /><!-- duration: 1143ms -->
        <step title="Determining deployment builder" date="2025-07-05T14:57:48.063" >
          <step title="Builder is OryxBuilder" date="2025-07-05T14:57:48.109" /><!-- duration: 5ms -->
        </step><!-- duration: 66ms -->
        <step title="PreDeployment: context.CleanOutputPath False" date="2025-07-05T14:57:48.198" >
          <step title="PreDeployment: context.OutputPath /home/site/wwwroot" date="2025-07-05T14:57:48.330" >
            <step title="Building" date="2025-07-05T14:57:48.524" >
              <step title="Executing external process" date="2025-07-05T14:57:48.918" type="process" path="bash" arguments="-c &quot;oryx build /tmp/zipdeploy/extracted -o /home/site/wwwroot --platform python --platform-version 3.11 -p virtualenv_name=antenv --log-file /tmp/build-debug.log  -i /tmp/8ddbbd44e87346f --compress-destination-dir | tee /tmp/oryx-build.log ; exit $PIPESTATUS &quot;" /><!-- duration: 95037ms -->
              <step title="Using PythonDeploymentLogParser" date="2025-07-05T14:59:24.423" /><!-- duration: 6ms -->
              <step title="Triggering recycle (preview mode disabled)." date="2025-07-05T14:59:25.894" /><!-- duration: 11ms -->
              <step title="Modified file to trigger a restart of the app container." date="2025-07-05T14:59:25.944" /><!-- duration: 5ms -->
              <step title="Skip function trigger and logicapp sync because function is not enabled." date="2025-07-05T14:59:25.955" /><!-- duration: 5ms -->
              <step title="Purge deployment items" date="2025-07-05T14:59:27.921" >
                <step title="Remove 4fa25858-, Success, received at 07/04/2025 09:47:09" date="2025-07-05T14:59:28.020" /><!-- duration: 5ms -->
              </step><!-- duration: 110ms -->
            </step><!-- duration: 99595ms -->
          </step><!-- duration: 99805ms -->
          <step title="Cleaning up temp files" date="2025-07-05T14:59:28.142" /><!-- duration: 1940ms -->
          <step title="Cleaning up temp files" date="2025-07-05T14:59:30.093" /><!-- duration: 511ms -->
          <step title="Reloading status file with latest updates" date="2025-07-05T14:59:30.642" >
            <step title="WebHooksManager.PublishEventAsync: PostDeployment" date="2025-07-05T14:59:30.660" /><!-- duration: 42ms -->
          </step><!-- duration: 66ms -->
          <step title="Cleaning up temporary deployment - fetch deployment was successful" date="2025-07-05T14:59:30.724" /><!-- duration: 5ms -->
        </step><!-- duration: 102590ms -->
      </step><!-- duration: 104643ms -->
