<step title="Incoming Request" date="2025-07-06T20:34:30.195" instance="640bf5" url="/api/publish?type=zip" method="POST" type="request" pid="767,1,3" Accept="*/*" Host="mcp-bc-javi-chb7bue4evbkeyb0.scm.westeurope-01.azurewebsites.net" User-Agent="AZURECLI/2.63.0 (MSI)" Accept-Encoding="gzip, deflate" Authorization="Bea..." Cache-Control="no-cache" Content-Type="application/octet-stream" Content-Length="25838" x-ms-client-request-id="9ba8960e-5aa8-11f0-a65d-8c1759e0f244" x-ms-artifact-checksum="09ba3fa6078cc67753cb1f1bb449d165deaad41ebf4c58a3c865b434dce1efea" X-ARR-LOG-ID="9ba8960e-5aa8-11f0-a65d-8c1759e0f244" CLIENT-IP="149.74.208.147:50695" X-SITE-DEPLOYMENT-ID="mcp-bc-javi" WAS-DEFAULT-HOSTNAME="mcp-bc-javi-chb7bue4evbkeyb0.scm.westeurope-01.azurewebsites.net" X-Forwarded-Proto="https" X-AppService-Proto="https" X-Forwarded-TlsVersion="1.3" X-WAWS-Unencoded-URL="/api/publish?type=zip" X-Client-IP="149.74.208.147" X-Client-Port="50695" >
  <step title="Cleanup Xml Logs" date="2025-07-06T20:34:30.200" >
    <step title="Cleanup Infos" date="2025-07-06T20:34:30.217" totalFiles="268" totalCleanup="108" /><!-- duration: 10ms -->
  </step><!-- duration: 32ms -->
  <step title="OneDeploy" date="2025-07-06T20:34:30.247" >
    <step title="Starting PushDeployAsync" date="2025-07-06T20:34:30.260" /><!-- duration: 8ms -->
    <step title="Writing artifact to /tmp/zipdeploy/4c1b5d0f-e282-4f6f-87f6-ada72a5907fc.zip" date="2025-07-06T20:34:30.283" >
      <step title="Writing multipart request body to /tmp/zipdeploy/4c1b5d0f-e282-4f6f-87f6-ada72a5907fc.zip" date="2025-07-06T20:34:30.288" /><!-- duration: 10ms -->
    </step><!-- duration: 55ms -->
    <step title="Removing previous build artifact&apos;s manifest file" date="2025-07-06T20:34:30.357" >
      <step title="Attempting to fetch target branch HEAD" date="2025-07-06T20:34:30.399" /><!-- duration: 5ms -->
      <step title="Acquiring Deployment Lock" date="2025-07-06T20:34:30.417" /><!-- duration: 30ms -->
      <step title="Acquired Deployment Lock" date="2025-07-06T20:34:30.514" /><!-- duration: 6ms -->
      <step title="Performing fetch based deployment" date="2025-07-06T20:34:30.539" >
        <step title="Creating temporary deployment" date="2025-07-06T20:34:30.549" /><!-- duration: 69ms -->
        <step title="Releasing Deployment Lock" date="2025-07-06T20:34:31.775" /><!-- duration: 13ms -->
        <step title="Cleaning up temp folders from previous zip deployments and extracting pushed zip file /tmp/zipdeploy/4c1b5d0f-e282-4f6f-87f6-ada72a5907fc.zip (0.02 MB) to /tmp/zipdeploy/extracted" date="2025-07-06T20:34:31.834" >
          <step title="ChmodRecursive Process exited with total time taken in ms: 39" date="2025-07-06T20:34:31.933" /><!-- duration: 11ms -->
        </step><!-- duration: 122ms -->
        <step title="None repository commit" date="2025-07-06T20:34:31.972" >
          <step title="Commit id: d4baf627-d22a-4a46-9415-760cc1471286" date="2025-07-06T20:34:31.978" Message="OneDeploy" AuthorName="N/A" AuthorEmail="N/A" /><!-- duration: 7ms -->
        </step><!-- duration: 18ms -->
        <step title="Deployment timer started" date="2025-07-06T20:34:33.997" >
          <step title="DeploymentManager.Deploy(id:d4baf627-d22a-4a46-9415-760cc1471286)" date="2025-07-06T20:34:34.005" >
            <step title="Collecting changeset information" date="2025-07-06T20:34:34.043" /><!-- duration: 96ms -->
            <step title="Updating submodules" date="2025-07-06T20:34:34.148" /><!-- duration: 1148ms -->
            <step title="Determining deployment builder" date="2025-07-06T20:34:35.550" >
              <step title="Builder is OryxBuilder" date="2025-07-06T20:34:35.571" /><!-- duration: 5ms -->
            </step><!-- duration: 33ms -->
            <step title="PreDeployment: context.CleanOutputPath False" date="2025-07-06T20:34:35.638" >
              <step title="PreDeployment: context.OutputPath /home/site/wwwroot" date="2025-07-06T20:34:35.760" >
                <step title="Building" date="2025-07-06T20:34:35.912" >
                  <step title="Executing external process" date="2025-07-06T20:34:36.257" type="process" path="bash" arguments="-c &quot;oryx build /tmp/zipdeploy/extracted -o /home/site/wwwroot --platform python --platform-version 3.12 -p virtualenv_name=antenv --log-file /tmp/build-debug.log  -i /tmp/8ddbccc85853433 --compress-destination-dir | tee /tmp/oryx-build.log ; exit $PIPESTATUS &quot;" /><!-- duration: 70890ms -->
                  <step title="Using PythonDeploymentLogParser" date="2025-07-06T20:35:47.647" /><!-- duration: 7ms -->
                  <step title="Modified file to trigger a restart of the app container." date="2025-07-06T20:35:48.909" /><!-- duration: 14ms -->
                  <step title="Skip function trigger and logicapp sync because function is not enabled." date="2025-07-06T20:35:48.939" /><!-- duration: 12ms -->
                  <step title="Purge deployment items" date="2025-07-06T20:35:50.372" >
                    <step title="Remove b4aa798a-, Success, received at 07/06/2025 14:31:52" date="2025-07-06T20:35:50.510" /><!-- duration: 32ms -->
                  </step><!-- duration: 188ms -->
                </step><!-- duration: 74760ms -->
              </step><!-- duration: 74943ms -->
              <step title="Cleaning up temp files" date="2025-07-06T20:35:50.713" /><!-- duration: 2691ms -->
              <step title="Cleaning up temp files" date="2025-07-06T20:35:53.416" /><!-- duration: 519ms -->
              <step title="Reloading status file with latest updates" date="2025-07-06T20:35:53.974" >
                <step title="WebHooksManager.PublishEventAsync: PostDeployment" date="2025-07-06T20:35:53.980" /><!-- duration: 40ms -->
              </step><!-- duration: 52ms -->
              <step title="Cleaning up temporary deployment - fetch deployment was successful" date="2025-07-06T20:35:54.035" /><!-- duration: 5ms -->
            </step><!-- duration: 78468ms -->
          </step><!-- duration: 80109ms -->
          <step title="Outgoing response" date="2025-07-06T20:35:54.129" type="response" statusCode="200" statusText="OK" /><!-- duration: 17ms -->
        </step><!-- duration: 80155ms -->
