<step title="BackgroundTrace" date="2025-07-04T09:56:33.504" instance="70a632" url="/api/zipdeploy" method="POST" >
  <step title="Cleanup Xml Logs" date="2025-07-04T09:56:33.510" /><!-- duration: 12ms -->
  <step title="Creating temporary deployment - FetchDeploymentManager" date="2025-07-04T09:56:33.614" /><!-- duration: 5ms -->
  <step title="Creating temporary deployment" date="2025-07-04T09:56:33.624" /><!-- duration: 100ms -->
  <step title="Performing fetch based deployment" date="2025-07-04T09:56:33.777" >
    <step title="Cleaning up temp folders from previous zip deployments and extracting pushed zip file /tmp/zipdeploy/f32dafd2-87de-4a6f-9a6a-a9eab7d3460f.zip (0.05 MB) to /tmp/zipdeploy/extracted" date="2025-07-04T09:56:34.964" >
      <step title="ChmodRecursive Process exited with total time taken in ms: 85" date="2025-07-04T09:56:35.570" /><!-- duration: 7ms -->
    </step><!-- duration: 620ms -->
    <step title="Deployment timer started" date="2025-07-04T09:56:37.604" >
      <step title="DeploymentManager.Deploy(id:5cf04a44-35f5-4962-8b32-d32bf07310cd)" date="2025-07-04T09:56:37.631" >
        <step title="Collecting changeset information" date="2025-07-04T09:56:37.655" /><!-- duration: 148ms -->
        <step title="Updating submodules" date="2025-07-04T09:56:37.821" /><!-- duration: 1188ms -->
        <step title="Determining deployment builder" date="2025-07-04T09:56:39.299" >
          <step title="Builder is OryxBuilder" date="2025-07-04T09:56:39.324" /><!-- duration: 6ms -->
        </step><!-- duration: 38ms -->
        <step title="PreDeployment: context.CleanOutputPath False" date="2025-07-04T09:56:39.428" >
          <step title="PreDeployment: context.OutputPath /home/site/wwwroot" date="2025-07-04T09:56:39.553" >
            <step title="Building" date="2025-07-04T09:56:39.695" >
              <step title="Executing external process" date="2025-07-04T09:56:40.644" type="process" path="bash" arguments="-c &quot;oryx build /tmp/zipdeploy/extracted -o /home/site/wwwroot --platform python --platform-version 3.11 -p virtualenv_name=antenv --log-file /tmp/build-debug.log  -i /tmp/8ddbae112456e7a --compress-destination-dir | tee /tmp/oryx-build.log ; exit $PIPESTATUS &quot;" >
                <step title="Cpu: python(1460,8.030s)+ts(1461,0.060s)+build.sh(1459,0.000s)+build.sh(1458,0.000s)+build.sh(1379,0.020s)+oryx(1359,2.120s)+tee(1360,0.000s)+bash(1358,0.000s)=total(10.230s)" date="2025-07-04T09:58:02.424" /><!-- duration: 14ms -->
                <step title="bash: no io activity for 61s, prev-cpu=-1.000s, current-cpu=10.230s" date="2025-07-04T09:58:02.453" /><!-- duration: 9ms -->
              </step><!-- duration: 101557ms -->
              <step title="Using PythonDeploymentLogParser" date="2025-07-04T09:58:24.411" /><!-- duration: 13ms -->
              <step title="Triggering recycle (preview mode disabled)." date="2025-07-04T09:58:26.037" /><!-- duration: 5ms -->
              <step title="Modified file to trigger a restart of the app container." date="2025-07-04T09:58:26.248" /><!-- duration: 5ms -->
              <step title="Skip function trigger and logicapp sync because function is not enabled." date="2025-07-04T09:58:26.271" /><!-- duration: 7ms -->
            </step><!-- duration: 107655ms -->
          </step><!-- duration: 107812ms -->
          <step title="Cleaning up temp files" date="2025-07-04T09:58:27.370" /><!-- duration: 1952ms -->
          <step title="Cleaning up temp files" date="2025-07-04T09:58:29.328" /><!-- duration: 508ms -->
          <step title="Reloading status file with latest updates" date="2025-07-04T09:58:29.876" >
            <step title="WebHooksManager.PublishEventAsync: PostDeployment" date="2025-07-04T09:58:29.896" /><!-- duration: 35ms -->
          </step><!-- duration: 60ms -->
          <step title="Cleaning up temporary deployment - fetch deployment was successful" date="2025-07-04T09:58:29.949" /><!-- duration: 5ms -->
        </step><!-- duration: 110596ms -->
      </step><!-- duration: 112431ms -->
