<step title="Incoming Request" date="2025-07-05T15:18:28.820" instance="640bf5" url="/api/zipdeploy?isAsync=true" method="POST" type="request" pid="770,1,24" Accept="*/*" Host="mcp-bc-javi-chb7bue4evbkeyb0.scm.westeurope-01.azurewebsites.net" User-Agent="AZURECLI/2.63.0 (MSI)" Accept-Encoding="gzip, deflate" Authorization="Bea..." Cache-Control="no-cache" Content-Type="application/octet-stream" Content-Length="15017" x-ms-client-request-id="4c32e3f2-59b3-11f0-a69d-8c1759e0f244" x-ms-artifact-checksum="cfa3135e75ca0798bf86310bb6bae9b50d47816d746c9b4b4774c8bdf459f0bf" X-ARR-LOG-ID="4c32e3f2-59b3-11f0-a69d-8c1759e0f244" CLIENT-IP="149.74.208.147:60100" X-SITE-DEPLOYMENT-ID="mcp-bc-javi" WAS-DEFAULT-HOSTNAME="mcp-bc-javi-chb7bue4evbkeyb0.scm.westeurope-01.azurewebsites.net" X-Forwarded-Proto="https" X-AppService-Proto="https" X-Forwarded-TlsVersion="1.3" X-WAWS-Unencoded-URL="/api/zipdeploy?isAsync=true" X-Client-IP="149.74.208.147" X-Client-Port="60100" >
  <step title="Cleanup Xml Logs" date="2025-07-05T15:18:28.826" /><!-- duration: 16ms -->
  <step title="ZipPushDeploy" date="2025-07-05T15:18:28.858" >
    <step title="ZipDeploy. Extract zip. Remote build." date="2025-07-05T15:18:28.873" /><!-- duration: 5ms -->
    <step title="Starting PushDeployAsync" date="2025-07-05T15:18:28.889" /><!-- duration: 5ms -->
    <step title="Writing artifact to /tmp/zipdeploy/ab3acc23-ff12-4b37-a67b-1e8e2da944c2.zip" date="2025-07-05T15:18:28.929" >
      <step title="Writing multipart request body to /tmp/zipdeploy/ab3acc23-ff12-4b37-a67b-1e8e2da944c2.zip" date="2025-07-05T15:18:28.934" /><!-- duration: 12ms -->
    </step><!-- duration: 70ms -->
    <step title="Removing previous build artifact&apos;s manifest file" date="2025-07-05T15:18:29.012" >
      <step title="Start deployment in the background" date="2025-07-05T15:18:29.038" >
        <step title="Acquiring Deployment Lock" date="2025-07-05T15:18:29.063" /><!-- duration: 10ms -->
        <step title="Acquired Deployment Lock" date="2025-07-05T15:18:29.121" /><!-- duration: 5ms -->
      </step><!-- duration: 195ms -->
    </step><!-- duration: 233ms -->
    <step title="Outgoing response" date="2025-07-05T15:18:29.252" type="response" statusCode="202" statusText="Accepted" /><!-- duration: 5ms -->
  </step><!-- duration: 404ms -->
