<step title="Incoming Request" date="2025-07-04T08:49:07.264" instance="70a632" url="/api/zipdeploy?isAsync=true" method="POST" type="request" pid="767,1,7" Accept="*/*" Host="mcp-bc-javi-chb7bue4evbkeyb0.scm.westeurope-01.azurewebsites.net" User-Agent="AZURECLI/2.63.0 (MSI)" Accept-Encoding="gzip, deflate" Authorization="Bea..." Cache-Control="no-cache" Content-Type="application/octet-stream" Content-Length="20805" x-ms-client-request-id="bc1062eb-58b3-11f0-92b3-8c1759e0f244" x-ms-artifact-checksum="7fc169a058a5d94dff67c5e26b4b11cbc99a725b57cdfab2a8542493b97143d2" X-ARR-LOG-ID="bc1062eb-58b3-11f0-92b3-8c1759e0f244" CLIENT-IP="62.37.212.68:30054" X-SITE-DEPLOYMENT-ID="mcp-bc-javi" WAS-DEFAULT-HOSTNAME="mcp-bc-javi-chb7bue4evbkeyb0.scm.westeurope-01.azurewebsites.net" X-Forwarded-Proto="https" X-AppService-Proto="https" X-Forwarded-TlsVersion="1.3" X-WAWS-Unencoded-URL="/api/zipdeploy?isAsync=true" X-Client-IP="62.37.212.68" X-Client-Port="30054" >
  <step title="Cleanup Xml Logs" date="2025-07-04T08:49:07.270" /><!-- duration: 10ms -->
  <step title="ZipPushDeploy" date="2025-07-04T08:49:07.338" >
    <step title="ZipDeploy. Extract zip." date="2025-07-04T08:49:07.362" /><!-- duration: 6ms -->
    <step title="None repository commit" date="2025-07-04T08:49:07.379" >
      <step title="Commit id: c4a69578-8709-4eea-a107-7afb2413f333" date="2025-07-04T08:49:07.388" Message="N/A" AuthorName="N/A" AuthorEmail="N/A" /><!-- duration: 5ms -->
    </step><!-- duration: 20ms -->
    <step title="Starting PushDeployAsync" date="2025-07-04T08:49:07.405" /><!-- duration: 6ms -->
    <step title="Writing artifact to /tmp/zipdeploy/bae34351-38c1-47e6-b3da-af1b3a47223a.zip" date="2025-07-04T08:49:07.430" >
      <step title="Writing multipart request body to /tmp/zipdeploy/bae34351-38c1-47e6-b3da-af1b3a47223a.zip" date="2025-07-04T08:49:07.436" /><!-- duration: 5ms -->
    </step><!-- duration: 45ms -->
    <step title="Start deployment in the background" date="2025-07-04T08:49:07.494" >
      <step title="Acquiring Deployment Lock" date="2025-07-04T08:49:07.514" /><!-- duration: 5ms -->
      <step title="Acquired Deployment Lock" date="2025-07-04T08:49:07.566" /><!-- duration: 5ms -->
    </step><!-- duration: 180ms -->
  </step><!-- duration: 344ms -->
  <step title="Outgoing response" date="2025-07-04T08:49:07.691" type="response" statusCode="202" statusText="Accepted" /><!-- duration: 9ms -->
</step><!-- duration: 441ms -->
