<step title="BackgroundTrace" date="2025-07-04T10:02:50.131" instance="70a632" url="/api/zipdeploy" method="POST" >
  <step title="Creating temporary deployment - FetchDeploymentManager" date="2025-07-04T10:02:50.266" /><!-- duration: 7ms -->
  <step title="Creating temporary deployment" date="2025-07-04T10:02:50.283" /><!-- duration: 88ms -->
  <step title="Performing fetch based deployment" date="2025-07-04T10:02:51.979" >
    <step title="Cleaning up temp folders from previous zip deployments and extracting pushed zip file /tmp/zipdeploy/a4ef93ee-21b2-4aaa-89a2-6cf215ff5bac.zip (0.05 MB) to /tmp/zipdeploy/extracted" date="2025-07-04T10:02:53.161" >
      <step title="ChmodRecursive Process exited with total time taken in ms: 47" date="2025-07-04T10:02:53.248" /><!-- duration: 6ms -->
    </step><!-- duration: 100ms -->
    <step title="Deployment timer started" date="2025-07-04T10:02:55.279" >
      <step title="DeploymentManager.Deploy(id:d18d8a98-7994-4bbc-bada-b207f6894303)" date="2025-07-04T10:02:55.290" >
        <step title="Collecting changeset information" date="2025-07-04T10:02:55.336" /><!-- duration: 179ms -->
        <step title="Updating submodules" date="2025-07-04T10:02:55.529" /><!-- duration: 1185ms -->
        <step title="Determining deployment builder" date="2025-07-04T10:02:56.994" >
          <step title="Builder is OryxBuilder" date="2025-07-04T10:02:57.032" /><!-- duration: 7ms -->
        </step><!-- duration: 51ms -->
        <step title="PreDeployment: context.CleanOutputPath False" date="2025-07-04T10:02:57.158" >
          <step title="PreDeployment: context.OutputPath /home/site/wwwroot" date="2025-07-04T10:02:57.296" >
            <step title="Building" date="2025-07-04T10:02:57.476" >
              <step title="Executing external process" date="2025-07-04T10:02:58.341" type="process" path="bash" arguments="-c &quot;oryx build /tmp/zipdeploy/extracted -o /home/site/wwwroot --platform python --platform-version 3.11 -p virtualenv_name=antenv --log-file /tmp/build-debug.log  -i /tmp/8ddbae1f3673eab --compress-destination-dir | tee /tmp/oryx-build.log ; exit $PIPESTATUS &quot;" /><!-- duration: 29141ms -->
              <step title="Using PythonDeploymentLogParser" date="2025-07-04T10:03:27.912" /><!-- duration: 7ms -->
              <step title="Triggering recycle (preview mode disabled)." date="2025-07-04T10:03:29.157" /><!-- duration: 9ms -->
              <step title="Modified file to trigger a restart of the app container." date="2025-07-04T10:03:29.212" /><!-- duration: 8ms -->
              <step title="Skip function trigger and logicapp sync because function is not enabled." date="2025-07-04T10:03:29.226" /><!-- duration: 5ms -->
            </step><!-- duration: 32771ms -->
          </step><!-- duration: 32978ms -->
          <step title="Cleaning up temp files" date="2025-07-04T10:03:30.318" /><!-- duration: 1835ms -->
          <step title="Cleaning up temp files" date="2025-07-04T10:03:32.163" /><!-- duration: 512ms -->
          <step title="Reloading status file with latest updates" date="2025-07-04T10:03:32.733" >
            <step title="WebHooksManager.PublishEventAsync: PostDeployment" date="2025-07-04T10:03:32.738" /><!-- duration: 44ms -->
          </step><!-- duration: 55ms -->
          <step title="Cleaning up temporary deployment - fetch deployment was successful" date="2025-07-04T10:03:32.797" /><!-- duration: 5ms -->
        </step><!-- duration: 35722ms -->
      </step><!-- duration: 37618ms -->
