<step title="Incoming Request" date="2025-07-05T15:45:04.651" instance="640bf5" url="/api/zipdeploy?isAsync=true" method="POST" type="request" pid="768,1,23" Accept="*/*" Host="mcp-bc-javi-chb7bue4evbkeyb0.scm.westeurope-01.azurewebsites.net" User-Agent="AZURECLI/2.63.0 (MSI)" Accept-Encoding="gzip, deflate" Authorization="Bea..." Cache-Control="no-cache" Content-Type="application/octet-stream" Content-Length="15017" x-ms-client-request-id="019ec6c8-59b7-11f0-839e-8c1759e0f244" x-ms-artifact-checksum="cfa3135e75ca0798bf86310bb6bae9b50d47816d746c9b4b4774c8bdf459f0bf" X-ARR-LOG-ID="019ec6c8-59b7-11f0-839e-8c1759e0f244" CLIENT-IP="149.74.208.147:60633" X-SITE-DEPLOYMENT-ID="mcp-bc-javi" WAS-DEFAULT-HOSTNAME="mcp-bc-javi-chb7bue4evbkeyb0.scm.westeurope-01.azurewebsites.net" X-Forwarded-Proto="https" X-AppService-Proto="https" X-Forwarded-TlsVersion="1.3" X-WAWS-Unencoded-URL="/api/zipdeploy?isAsync=true" X-Client-IP="149.74.208.147" X-Client-Port="60633" >
  <step title="Cleanup Xml Logs" date="2025-07-05T15:45:04.660" /><!-- duration: 18ms -->
  <step title="ZipPushDeploy" date="2025-07-05T15:45:04.764" >
    <step title="ZipDeploy. Extract zip. Remote build." date="2025-07-05T15:45:04.783" /><!-- duration: 5ms -->
    <step title="None repository commit" date="2025-07-05T15:45:04.803" >
      <step title="Commit id: d9cca527-dd11-4fac-a410-1229e72042a5" date="2025-07-05T15:45:04.808" Message="N/A" AuthorName="N/A" AuthorEmail="N/A" /><!-- duration: 5ms -->
    </step><!-- duration: 16ms -->
    <step title="Starting PushDeployAsync" date="2025-07-05T15:45:04.824" /><!-- duration: 5ms -->
    <step title="Writing artifact to /tmp/zipdeploy/214bb7b0-af6b-4815-a423-20b2ad5b00cd.zip" date="2025-07-05T15:45:04.866" >
      <step title="Writing multipart request body to /tmp/zipdeploy/214bb7b0-af6b-4815-a423-20b2ad5b00cd.zip" date="2025-07-05T15:45:04.873" /><!-- duration: 10ms -->
    </step><!-- duration: 121ms -->
    <step title="Removing previous build artifact&apos;s manifest file" date="2025-07-05T15:45:04.995" >
      <step title="Start deployment in the background" date="2025-07-05T15:45:05.041" >
        <step title="Acquiring Deployment Lock" date="2025-07-05T15:45:05.091" /><!-- duration: 5ms -->
        <step title="Acquired Deployment Lock" date="2025-07-05T15:45:05.229" /><!-- duration: 5ms -->
      </step><!-- duration: 347ms -->
    </step><!-- duration: 418ms -->
    <step title="Outgoing response" date="2025-07-05T15:45:05.425" type="response" statusCode="202" statusText="Accepted" /><!-- duration: 5ms -->
  </step><!-- duration: 672ms -->
