<step title="Incoming Request" date="2025-07-06T15:27:50.143" instance="640bf5" url="/api/publish?type=zip" method="POST" type="request" pid="770,1,28" Accept="*/*" Host="mcp-bc-javi-chb7bue4evbkeyb0.scm.westeurope-01.azurewebsites.net" User-Agent="AZURECLI/2.63.0 (MSI)" Accept-Encoding="gzip, deflate" Authorization="Bea..." Cache-Control="no-cache" Content-Type="application/octet-stream" Content-Length="23420" x-ms-client-request-id="c36f3c9b-5a7d-11f0-bbb8-8c1759e0f244" x-ms-artifact-checksum="2531e97d3c36fca16eba6823204edafbbc4d95f2a7b6e1eba799649c5fe63daf" X-ARR-LOG-ID="c36f3c9b-5a7d-11f0-bbb8-8c1759e0f244" CLIENT-IP="149.74.208.147:64863" X-SITE-DEPLOYMENT-ID="mcp-bc-javi" WAS-DEFAULT-HOSTNAME="mcp-bc-javi-chb7bue4evbkeyb0.scm.westeurope-01.azurewebsites.net" X-Forwarded-Proto="https" X-AppService-Proto="https" X-Forwarded-TlsVersion="1.3" X-WAWS-Unencoded-URL="/api/publish?type=zip" X-Client-IP="149.74.208.147" X-Client-Port="64863" >
  <step title="Cleanup Xml Logs" date="2025-07-06T15:27:50.150" >
    <step title="Cleanup Infos" date="2025-07-06T15:27:50.171" totalFiles="237" totalCleanup="77" /><!-- duration: 7ms -->
  </step><!-- duration: 34ms -->
  <step title="OneDeploy" date="2025-07-06T15:27:50.209" >
    <step title="Starting PushDeployAsync" date="2025-07-06T15:27:50.227" /><!-- duration: 5ms -->
    <step title="Writing artifact to /tmp/zipdeploy/85b63670-8cbf-4c86-8d80-e9b72bc18f01.zip" date="2025-07-06T15:27:50.252" >
      <step title="Writing multipart request body to /tmp/zipdeploy/85b63670-8cbf-4c86-8d80-e9b72bc18f01.zip" date="2025-07-06T15:27:50.257" /><!-- duration: 5ms -->
    </step><!-- duration: 57ms -->
    <step title="Removing previous build artifact&apos;s manifest file" date="2025-07-06T15:27:50.318" >
      <step title="Attempting to fetch target branch HEAD" date="2025-07-06T15:27:50.338" /><!-- duration: 6ms -->
      <step title="Acquiring Deployment Lock" date="2025-07-06T15:27:50.349" /><!-- duration: 5ms -->
      <step title="Acquired Deployment Lock" date="2025-07-06T15:27:50.401" /><!-- duration: 5ms -->
      <step title="Performing fetch based deployment" date="2025-07-06T15:27:50.417" >
        <step title="Creating temporary deployment" date="2025-07-06T15:27:50.422" /><!-- duration: 217ms -->
        <step title="Releasing Deployment Lock" date="2025-07-06T15:27:51.826" /><!-- duration: 14ms -->
        <step title="Cleaning up temp folders from previous zip deployments and extracting pushed zip file /tmp/zipdeploy/85b63670-8cbf-4c86-8d80-e9b72bc18f01.zip (0.02 MB) to /tmp/zipdeploy/extracted" date="2025-07-06T15:27:51.884" >
          <step title="ChmodRecursive Process exited with total time taken in ms: 88" date="2025-07-06T15:27:52.036" /><!-- duration: 11ms -->
        </step><!-- duration: 181ms -->
        <step title="None repository commit" date="2025-07-06T15:27:52.095" >
          <step title="Commit id: e6cb68b9-96a2-4ffb-87a9-305eef2176f4" date="2025-07-06T15:27:52.100" Message="OneDeploy" AuthorName="N/A" AuthorEmail="N/A" /><!-- duration: 6ms -->
        </step><!-- duration: 16ms -->
        <step title="Deployment timer started" date="2025-07-06T15:27:54.118" >
          <step title="DeploymentManager.Deploy(id:e6cb68b9-96a2-4ffb-87a9-305eef2176f4)" date="2025-07-06T15:27:54.127" >
            <step title="Collecting changeset information" date="2025-07-06T15:27:54.156" /><!-- duration: 107ms -->
            <step title="Updating submodules" date="2025-07-06T15:27:54.275" /><!-- duration: 1136ms -->
            <step title="Determining deployment builder" date="2025-07-06T15:27:55.641" >
              <step title="Builder is OryxBuilder" date="2025-07-06T15:27:55.670" /><!-- duration: 5ms -->
            </step><!-- duration: 47ms -->
            <step title="PreDeployment: context.CleanOutputPath False" date="2025-07-06T15:27:55.759" >
              <step title="PreDeployment: context.OutputPath /home/site/wwwroot" date="2025-07-06T15:27:55.875" >
                <step title="Building" date="2025-07-06T15:27:56.011" >
                  <step title="Executing external process" date="2025-07-06T15:27:56.395" type="process" path="bash" arguments="-c &quot;oryx build /tmp/zipdeploy/extracted -o /home/site/wwwroot --platform python --platform-version 3.12 -p virtualenv_name=antenv --log-file /tmp/build-debug.log  -i /tmp/8ddbca1ae543e5c --compress-destination-dir | tee /tmp/oryx-build.log ; exit $PIPESTATUS &quot;" /><!-- duration: 77115ms -->
                  <step title="Using PythonDeploymentLogParser" date="2025-07-06T15:29:13.956" /><!-- duration: 6ms -->
                  <step title="Modified file to trigger a restart of the app container." date="2025-07-06T15:29:15.324" /><!-- duration: 7ms -->
                  <step title="Skip function trigger and logicapp sync because function is not enabled." date="2025-07-06T15:29:15.339" /><!-- duration: 5ms -->
                  <step title="Purge deployment items" date="2025-07-06T15:29:16.568" >
                    <step title="Remove 15a4beec-, Success, received at 07/05/2025 14:57:46" date="2025-07-06T15:29:16.701" /><!-- duration: 5ms -->
                  </step><!-- duration: 145ms -->
                </step><!-- duration: 80822ms -->
              </step><!-- duration: 80987ms -->
              <step title="Cleaning up temp files" date="2025-07-06T15:29:16.872" /><!-- duration: 2498ms -->
              <step title="Cleaning up temp files" date="2025-07-06T15:29:19.388" /><!-- duration: 540ms -->
              <step title="Reloading status file with latest updates" date="2025-07-06T15:29:19.978" >
                <step title="WebHooksManager.PublishEventAsync: PostDeployment" date="2025-07-06T15:29:19.984" /><!-- duration: 37ms -->
              </step><!-- duration: 47ms -->
              <step title="Cleaning up temporary deployment - fetch deployment was successful" date="2025-07-06T15:29:20.035" /><!-- duration: 5ms -->
            </step><!-- duration: 84339ms -->
          </step><!-- duration: 85980ms -->
          <step title="Outgoing response" date="2025-07-06T15:29:20.136" type="response" statusCode="200" statusText="OK" /><!-- duration: 8ms -->
        </step><!-- duration: 86032ms -->
