<step title="Incoming Request" date="2025-07-05T14:56:49.875" instance="640bf5" url="/api/zipdeploy?author=ms-azuretools-vscode&amp;deployer=ms-azuretools-vscode&amp;isAsync=true&amp;trackDeploymentId=true" method="POST" type="request" pid="770,1,23" Host="mcp-bc-javi-chb7bue4evbkeyb0.scm.westeurope-01.azurewebsites.net" User-Agent="vscode-azureappservice/0.26.2 core-rest-pipeline/1.20.0 Node/22.15.1 OS/(x64-Windows_NT-10.0.26100)" Accept-Encoding="gzip,deflate" Accept-Language="en" Authorization="Bea..." Transfer-Encoding="chunked" x-ms-correlation-request-id="87c9405d-13e9-43aa-b9f2-f92b30d79254" x-ms-client-request-id="525cf985-e9d8-436c-90df-a3f677cc7e5d" X-ARR-LOG-ID="525cf985-e9d8-436c-90df-a3f677cc7e5d" CLIENT-IP="149.74.208.147:59592" X-SITE-DEPLOYMENT-ID="mcp-bc-javi" WAS-DEFAULT-HOSTNAME="mcp-bc-javi-chb7bue4evbkeyb0.scm.westeurope-01.azurewebsites.net" X-Forwarded-Proto="https" X-AppService-Proto="https" X-Forwarded-TlsVersion="1.3" X-WAWS-Unencoded-URL="/api/zipdeploy?author=ms-azuretools-vscode&amp;deployer=ms-azuretools-vscode&amp;isAsync=true&amp;trackDeploymentId=true" X-Client-IP="149.74.208.147" X-Client-Port="59592" >
  <step title="Cleanup Xml Logs" date="2025-07-05T14:56:49.884" /><!-- duration: 15ms -->
  <step title="ZipPushDeploy" date="2025-07-05T14:56:50.007" >
    <step title="ZipDeploy. Extract zip. Remote build." date="2025-07-05T14:56:50.039" /><!-- duration: 8ms -->
    <step title="Starting PushDeployAsync" date="2025-07-05T14:56:50.057" /><!-- duration: 5ms -->
    <step title="Writing artifact to /tmp/zipdeploy/9a6aeae8-2d0a-4018-8b5b-1fcf38d878a0.zip" date="2025-07-05T14:56:50.080" >
      <step title="Writing multipart request body to /tmp/zipdeploy/9a6aeae8-2d0a-4018-8b5b-1fcf38d878a0.zip" date="2025-07-05T14:56:50.086" /><!-- duration: 9ms -->
    </step><!-- duration: 50659ms -->
    <step title="Removing previous build artifact&apos;s manifest file" date="2025-07-05T14:57:40.762" >
      <step title="Start deployment in the background" date="2025-07-05T14:57:40.790" >
        <step title="Acquiring Deployment Lock" date="2025-07-05T14:57:40.850" /><!-- duration: 6ms -->
        <step title="Acquired Deployment Lock" date="2025-07-05T14:57:40.906" /><!-- duration: 5ms -->
      </step><!-- duration: 246ms -->
    </step><!-- duration: 302ms -->
    <step title="Outgoing response" date="2025-07-05T14:57:41.074" type="response" statusCode="202" statusText="Accepted" /><!-- duration: 8ms -->
  </step><!-- duration: 51080ms -->
