<step title="BackgroundTrace" date="2025-07-04T09:20:20.314" instance="70a632" url="/api/publish" method="POST" >
  <step title="Creating temporary deployment - FetchDeploymentManager" date="2025-07-04T09:20:20.444" /><!-- duration: 8ms -->
  <step title="Creating temporary deployment" date="2025-07-04T09:20:20.462" /><!-- duration: 127ms -->
  <step title="Performing fetch based deployment" date="2025-07-04T09:20:20.664" >
    <step title="Cleaning up temp folders from previous zip deployments and extracting pushed zip file /tmp/zipdeploy/3796514b-c6ac-40f9-8207-1384601de57b.zip (32.39 MB) to /tmp/zipdeploy/extracted" date="2025-07-04T09:20:21.896" >
      <step title="ChmodRecursive Process exited with total time taken in ms: 97" date="2025-07-04T09:20:23.268" /><!-- duration: 10ms -->
    </step><!-- duration: 1388ms -->
    <step title="Deployment timer started" date="2025-07-04T09:20:25.304" >
      <step title="DeploymentManager.Deploy(id:70cbd56a-463f-4685-9a5b-1c503b8dd485)" date="2025-07-04T09:20:25.309" >
        <step title="Collecting changeset information" date="2025-07-04T09:20:25.332" /><!-- duration: 92ms -->
        <step title="Updating submodules" date="2025-07-04T09:20:25.435" /><!-- duration: 1213ms -->
        <step title="Determining deployment builder" date="2025-07-04T09:20:26.925" >
          <step title="Builder is OryxBuilder" date="2025-07-04T09:20:26.942" /><!-- duration: 5ms -->
        </step><!-- duration: 28ms -->
        <step title="PreDeployment: context.CleanOutputPath False" date="2025-07-04T09:20:27.007" >
          <step title="PreDeployment: context.OutputPath /home/site/wwwroot" date="2025-07-04T09:20:27.160" >
            <step title="Building" date="2025-07-04T09:20:27.358" >
              <step title="Executing external process" date="2025-07-04T09:20:27.831" type="process" path="bash" arguments="-c &quot;oryx build /tmp/zipdeploy/extracted -o /home/site/wwwroot --platform python --platform-version 3.11 -p virtualenv_name=antenv --log-file /tmp/build-debug.log  -i /tmp/8ddbadc036df245 --compress-destination-dir | tee /tmp/oryx-build.log ; exit $PIPESTATUS &quot;" /><!-- duration: 52598ms -->
              <step title="Using PythonDeploymentLogParser" date="2025-07-04T09:21:20.861" /><!-- duration: 7ms -->
              <step title="Modified file to trigger a restart of the app container." date="2025-07-04T09:21:22.413" /><!-- duration: 10ms -->
              <step title="Skip function trigger and logicapp sync because function is not enabled." date="2025-07-04T09:21:22.440" /><!-- duration: 10ms -->
              <step title="Purge deployment items" date="2025-07-04T09:21:23.213" >
                <step title="Remove 0bf4869e-, Failed, received at 07/04/2025 09:14:12" date="2025-07-04T09:21:23.295" /><!-- duration: 5ms -->
              </step><!-- duration: 92ms -->
            </step><!-- duration: 56009ms -->
          </step><!-- duration: 56228ms -->
          <step title="Cleaning up temp files" date="2025-07-04T09:21:23.414" /><!-- duration: 2127ms -->
          <step title="Cleaning up temp files" date="2025-07-04T09:21:25.556" /><!-- duration: 535ms -->
          <step title="Reloading status file with latest updates" date="2025-07-04T09:21:26.128" >
            <step title="WebHooksManager.PublishEventAsync: PostDeployment" date="2025-07-04T09:21:26.134" /><!-- duration: 64ms -->
          </step><!-- duration: 75ms -->
          <step title="Cleaning up temporary deployment - fetch deployment was successful" date="2025-07-04T09:21:26.213" /><!-- duration: 5ms -->
        </step><!-- duration: 59270ms -->
      </step><!-- duration: 61010ms -->
