<step title="Incoming Request" date="2025-07-04T16:16:10.763" instance="42864b" url="/api/zipdeploy?isAsync=true" method="POST" type="request" pid="767,1,15" Accept="*/*" Host="mcp-bc-javi-chb7bue4evbkeyb0.scm.westeurope-01.azurewebsites.net" User-Agent="AZURECLI/2.63.0 (MSI)" Accept-Encoding="gzip, deflate" Authorization="Bea..." Cache-Control="no-cache" Content-Type="application/octet-stream" Content-Length="65058" x-ms-client-request-id="195fd449-58f2-11f0-b585-8c1759e0f244" x-ms-artifact-checksum="b7dfaa3aaaf7f7f1fb7e2b941c0efa1800fb7363ad11ff856e33582f4dfa7a36" X-ARR-LOG-ID="195fd449-58f2-11f0-b585-8c1759e0f244" CLIENT-IP="149.74.208.147:50152" X-SITE-DEPLOYMENT-ID="mcp-bc-javi" WAS-DEFAULT-HOSTNAME="mcp-bc-javi-chb7bue4evbkeyb0.scm.westeurope-01.azurewebsites.net" X-Forwarded-Proto="https" X-AppService-Proto="https" X-Forwarded-TlsVersion="1.3" X-WAWS-Unencoded-URL="/api/zipdeploy?isAsync=true" X-Client-IP="149.74.208.147" X-Client-Port="50152" >
  <step title="ZipPushDeploy" date="2025-07-04T16:16:10.970" >
    <step title="ZipDeploy. Extract zip. Remote build." date="2025-07-04T16:16:10.984" /><!-- duration: 5ms -->
    <step title="None repository commit" date="2025-07-04T16:16:10.999" >
      <step title="Commit id: 8ecd209b-9be8-4949-aa93-5ffcaa5f7506" date="2025-07-04T16:16:11.004" Message="N/A" AuthorName="N/A" AuthorEmail="N/A" /><!-- duration: 5ms -->
    </step><!-- duration: 14ms -->
    <step title="Starting PushDeployAsync" date="2025-07-04T16:16:11.018" /><!-- duration: 5ms -->
    <step title="Writing artifact to /tmp/zipdeploy/88503194-c713-49ad-9a3c-3ef9a81f95b2.zip" date="2025-07-04T16:16:11.037" >
      <step title="Writing multipart request body to /tmp/zipdeploy/88503194-c713-49ad-9a3c-3ef9a81f95b2.zip" date="2025-07-04T16:16:11.043" /><!-- duration: 5ms -->
    </step><!-- duration: 27ms -->
    <step title="Removing previous build artifact&apos;s manifest file" date="2025-07-04T16:16:11.074" >
      <step title="Start deployment in the background" date="2025-07-04T16:16:11.093" >
        <step title="Acquiring Deployment Lock" date="2025-07-04T16:16:11.110" /><!-- duration: 7ms -->
        <step title="Acquired Deployment Lock" date="2025-07-04T16:16:11.163" /><!-- duration: 5ms -->
      </step><!-- duration: 155ms -->
    </step><!-- duration: 182ms -->
    <step title="Outgoing response" date="2025-07-04T16:16:11.267" type="response" statusCode="202" statusText="Accepted" /><!-- duration: 9ms -->
  </step><!-- duration: 311ms -->
