<step title="BackgroundTrace" date="2025-07-04T12:57:29.787" instance="70a632" url="/api/zipdeploy" method="POST" >
  <step title="Creating temporary deployment - FetchDeploymentManager" date="2025-07-04T12:57:29.897" /><!-- duration: 5ms -->
  <step title="Creating temporary deployment" date="2025-07-04T12:57:29.908" /><!-- duration: 570ms -->
  <step title="Performing fetch based deployment" date="2025-07-04T12:57:30.588" >
    <step title="Cleaning up temp folders from previous zip deployments and extracting pushed zip file /tmp/zipdeploy/5ffd1cbc-da38-4f9f-b79c-4af6aae659d5.zip (0.06 MB) to /tmp/zipdeploy/extracted" date="2025-07-04T12:57:31.992" >
      <step title="ChmodRecursive Process exited with total time taken in ms: 470" date="2025-07-04T12:57:32.512" /><!-- duration: 6ms -->
    </step><!-- duration: 536ms -->
    <step title="Deployment timer started" date="2025-07-04T12:57:34.613" >
      <step title="DeploymentManager.Deploy(id:dd034b41-a538-4d2f-ba9d-6634bbb31dfa)" date="2025-07-04T12:57:34.629" >
        <step title="Collecting changeset information" date="2025-07-04T12:57:34.672" /><!-- duration: 107ms -->
        <step title="Updating submodules" date="2025-07-04T12:57:34.796" /><!-- duration: 1144ms -->
        <step title="Determining deployment builder" date="2025-07-04T12:57:36.522" >
          <step title="Builder is OryxBuilder" date="2025-07-04T12:57:36.963" /><!-- duration: 10ms -->
        </step><!-- duration: 460ms -->
        <step title="PreDeployment: context.CleanOutputPath False" date="2025-07-04T12:57:37.050" >
          <step title="PreDeployment: context.OutputPath /home/site/wwwroot" date="2025-07-04T12:57:37.214" >
            <step title="Building" date="2025-07-04T12:57:37.381" >
              <step title="Executing external process" date="2025-07-04T12:57:37.899" type="process" path="bash" arguments="-c &quot;oryx build /tmp/zipdeploy/extracted -o /home/site/wwwroot --platform python --platform-version 3.11 -p virtualenv_name=antenv --log-file /tmp/build-debug.log  -i /tmp/8ddbafa59eebd7a --compress-destination-dir | tee /tmp/oryx-build.log ; exit $PIPESTATUS &quot;" /><!-- duration: 91660ms -->
              <step title="Using PythonDeploymentLogParser" date="2025-07-04T12:59:11.324" /><!-- duration: 20ms -->
              <step title="Triggering recycle (preview mode disabled)." date="2025-07-04T12:59:12.916" /><!-- duration: 10ms -->
              <step title="Modified file to trigger a restart of the app container." date="2025-07-04T12:59:12.986" /><!-- duration: 7ms -->
              <step title="Skip function trigger and logicapp sync because function is not enabled." date="2025-07-04T12:59:13.006" /><!-- duration: 6ms -->
            </step><!-- duration: 96758ms -->
          </step><!-- duration: 96939ms -->
          <step title="Cleaning up temp files" date="2025-07-04T12:59:14.158" /><!-- duration: 1861ms -->
          <step title="Cleaning up temp files" date="2025-07-04T12:59:16.030" /><!-- duration: 516ms -->
          <step title="Reloading status file with latest updates" date="2025-07-04T12:59:16.597" >
            <step title="WebHooksManager.PublishEventAsync: PostDeployment" date="2025-07-04T12:59:16.603" /><!-- duration: 777ms -->
          </step><!-- duration: 821ms -->
          <step title="Cleaning up temporary deployment - fetch deployment was successful" date="2025-07-04T12:59:17.474" /><!-- duration: 6ms -->
        </step><!-- duration: 100769ms -->
      </step><!-- duration: 103221ms -->
