<step title="Incoming Request" date="2025-07-05T15:13:46.376" instance="640bf5" url="/api/zipdeploy?isAsync=true" method="POST" type="request" pid="770,1,27" Accept="*/*" Host="mcp-bc-javi-chb7bue4evbkeyb0.scm.westeurope-01.azurewebsites.net" User-Agent="AZURECLI/2.63.0 (MSI)" Accept-Encoding="gzip, deflate" Authorization="Bea..." Cache-Control="no-cache" Content-Type="application/octet-stream" Content-Length="15017" x-ms-client-request-id="a3217d36-59b2-11f0-b731-8c1759e0f244" x-ms-artifact-checksum="cfa3135e75ca0798bf86310bb6bae9b50d47816d746c9b4b4774c8bdf459f0bf" X-ARR-LOG-ID="a3217d36-59b2-11f0-b731-8c1759e0f244" CLIENT-IP="149.74.208.147:59993" X-SITE-DEPLOYMENT-ID="mcp-bc-javi" WAS-DEFAULT-HOSTNAME="mcp-bc-javi-chb7bue4evbkeyb0.scm.westeurope-01.azurewebsites.net" X-Forwarded-Proto="https" X-AppService-Proto="https" X-Forwarded-TlsVersion="1.3" X-WAWS-Unencoded-URL="/api/zipdeploy?isAsync=true" X-Client-IP="149.74.208.147" X-Client-Port="59993" >
  <step title="Cleanup Xml Logs" date="2025-07-05T15:13:46.382" /><!-- duration: 14ms -->
  <step title="ZipPushDeploy" date="2025-07-05T15:13:46.427" >
    <step title="ZipDeploy. Extract zip. Remote build." date="2025-07-05T15:13:46.441" /><!-- duration: 5ms -->
    <step title="Starting PushDeployAsync" date="2025-07-05T15:13:46.455" /><!-- duration: 5ms -->
    <step title="Writing artifact to /tmp/zipdeploy/da5ad339-9ff1-4b8a-a220-b93c290be70a.zip" date="2025-07-05T15:13:46.482" >
      <step title="Writing multipart request body to /tmp/zipdeploy/da5ad339-9ff1-4b8a-a220-b93c290be70a.zip" date="2025-07-05T15:13:46.489" /><!-- duration: 20ms -->
    </step><!-- duration: 86ms -->
    <step title="Removing previous build artifact&apos;s manifest file" date="2025-07-05T15:13:46.577" >
      <step title="Start deployment in the background" date="2025-07-05T15:13:46.597" >
        <step title="Acquiring Deployment Lock" date="2025-07-05T15:13:46.620" /><!-- duration: 5ms -->
        <step title="Acquired Deployment Lock" date="2025-07-05T15:13:46.681" /><!-- duration: 9ms -->
      </step><!-- duration: 216ms -->
    </step><!-- duration: 245ms -->
    <step title="Outgoing response" date="2025-07-05T15:13:46.833" type="response" statusCode="202" statusText="Accepted" /><!-- duration: 6ms -->
  </step><!-- duration: 417ms -->
