<step title="Incoming Request" date="2025-07-04T16:46:49.816" instance="42864b" url="/api/publish?type=zip" method="POST" type="request" pid="768,1,44" Accept="*/*" Host="mcp-bc-javi-chb7bue4evbkeyb0.scm.westeurope-01.azurewebsites.net" User-Agent="AZURECLI/2.63.0 (MSI)" Accept-Encoding="gzip, deflate" Authorization="Bea..." Cache-Control="no-cache" Content-Type="application/octet-stream" Content-Length="10542" x-ms-client-request-id="78330180-58f6-11f0-9c10-8c1759e0f244" x-ms-artifact-checksum="7c80d8b6876d61437f1eda3e0098f0bcddd1b738fbb1fdc5fae65333815a609e" X-ARR-LOG-ID="78330180-58f6-11f0-9c10-8c1759e0f244" CLIENT-IP="149.74.208.147:51041" X-SITE-DEPLOYMENT-ID="mcp-bc-javi" WAS-DEFAULT-HOSTNAME="mcp-bc-javi-chb7bue4evbkeyb0.scm.westeurope-01.azurewebsites.net" X-Forwarded-Proto="https" X-AppService-Proto="https" X-Forwarded-TlsVersion="1.3" X-WAWS-Unencoded-URL="/api/publish?type=zip" X-Client-IP="149.74.208.147" X-Client-Port="51041" >
  <step title="OneDeploy" date="2025-07-04T16:46:50.178" >
    <step title="None repository commit" date="2025-07-04T16:46:50.199" >
      <step title="Commit id: a0644d81-b8a8-414c-8899-83ab33e4aa6f" date="2025-07-04T16:46:50.205" Message="N/A" AuthorName="N/A" AuthorEmail="N/A" /><!-- duration: 5ms -->
    </step><!-- duration: 15ms -->
    <step title="Starting PushDeployAsync" date="2025-07-04T16:46:50.219" /><!-- duration: 8ms -->
    <step title="Writing artifact to /tmp/zipdeploy/e7ffb129-a6b1-4c9e-b96c-2ae56e15162d.zip" date="2025-07-04T16:46:50.247" >
      <step title="Writing multipart request body to /tmp/zipdeploy/e7ffb129-a6b1-4c9e-b96c-2ae56e15162d.zip" date="2025-07-04T16:46:50.253" /><!-- duration: 5ms -->
    </step><!-- duration: 30ms -->
    <step title="Removing previous build artifact&apos;s manifest file" date="2025-07-04T16:46:50.286" >
      <step title="Attempting to fetch target branch HEAD" date="2025-07-04T16:46:50.302" /><!-- duration: 5ms -->
      <step title="Acquiring Deployment Lock" date="2025-07-04T16:46:50.316" /><!-- duration: 6ms -->
      <step title="Acquired Deployment Lock" date="2025-07-04T16:46:50.379" /><!-- duration: 6ms -->
      <step title="Performing fetch based deployment" date="2025-07-04T16:46:50.403" >
        <step title="Creating temporary deployment" date="2025-07-04T16:46:50.411" /><!-- duration: 102ms -->
        <step title="Releasing Deployment Lock" date="2025-07-04T16:46:51.675" /><!-- duration: 14ms -->
        <step title="Cleaning up temp folders from previous zip deployments and extracting pushed zip file /tmp/zipdeploy/e7ffb129-a6b1-4c9e-b96c-2ae56e15162d.zip (0.01 MB) to /tmp/zipdeploy/extracted" date="2025-07-04T16:46:51.734" >
          <step title="ChmodRecursive Process exited with total time taken in ms: 45" date="2025-07-04T16:46:51.800" /><!-- duration: 6ms -->
        </step><!-- duration: 78ms -->
        <step title="None repository commit" date="2025-07-04T16:46:51.818" >
          <step title="Commit id: a0644d81-b8a8-414c-8899-83ab33e4aa6f" date="2025-07-04T16:46:51.824" Message="OneDeploy" AuthorName="N/A" AuthorEmail="N/A" /><!-- duration: 5ms -->
        </step><!-- duration: 16ms -->
        <step title="Deployment timer started" date="2025-07-04T16:46:53.842" >
          <step title="DeploymentManager.Deploy(id:a0644d81-b8a8-414c-8899-83ab33e4aa6f)" date="2025-07-04T16:46:53.852" >
            <step title="Collecting changeset information" date="2025-07-04T16:46:53.875" /><!-- duration: 109ms -->
            <step title="Updating submodules" date="2025-07-04T16:46:53.994" /><!-- duration: 1160ms -->
            <step title="Determining deployment builder" date="2025-07-04T16:46:55.397" >
              <step title="Builder is OryxBuilder" date="2025-07-04T16:46:55.412" /><!-- duration: 5ms -->
            </step><!-- duration: 26ms -->
            <step title="PreDeployment: context.CleanOutputPath False" date="2025-07-04T16:46:55.472" >
              <step title="PreDeployment: context.OutputPath /home/site/wwwroot" date="2025-07-04T16:46:55.601" >
                <step title="Building" date="2025-07-04T16:46:55.730" >
                  <step title="Executing external process" date="2025-07-04T16:46:56.071" type="process" path="bash" arguments="-c &quot;oryx build /tmp/zipdeploy/extracted -o /home/site/wwwroot --platform python --platform-version 3.11 -p virtualenv_name=antenv --log-file /tmp/build-debug.log  -i /tmp/8ddbb1a629a19b5 --compress-destination-dir | tee /tmp/oryx-build.log ; exit $PIPESTATUS &quot;" /><!-- duration: 63035ms -->
                  <step title="Using PythonDeploymentLogParser" date="2025-07-04T16:47:59.611" /><!-- duration: 6ms -->
                  <step title="Modified file to trigger a restart of the app container." date="2025-07-04T16:48:00.977" /><!-- duration: 7ms -->
                  <step title="Skip function trigger and logicapp sync because function is not enabled." date="2025-07-04T16:48:00.997" /><!-- duration: 6ms -->
                </step><!-- duration: 66464ms -->
              </step><!-- duration: 66610ms -->
              <step title="Cleaning up temp files" date="2025-07-04T16:48:02.218" /><!-- duration: 1878ms -->
              <step title="Cleaning up temp files" date="2025-07-04T16:48:04.109" /><!-- duration: 510ms -->
              <step title="Reloading status file with latest updates" date="2025-07-04T16:48:04.662" >
                <step title="WebHooksManager.PublishEventAsync: PostDeployment" date="2025-07-04T16:48:04.668" /><!-- duration: 69ms -->
              </step><!-- duration: 82ms -->
              <step title="Cleaning up temporary deployment - fetch deployment was successful" date="2025-07-04T16:48:04.756" /><!-- duration: 5ms -->
            </step><!-- duration: 69349ms -->
          </step><!-- duration: 71004ms -->
          <step title="Outgoing response" date="2025-07-04T16:48:04.892" type="response" statusCode="200" statusText="OK" /><!-- duration: 6ms -->
        </step><!-- duration: 71062ms -->
