<step title="Incoming Request" date="2025-07-06T15:11:42.460" instance="640bf5" url="/api/publish?type=zip" method="POST" type="request" pid="770,1,26" Accept="*/*" Host="mcp-bc-javi-chb7bue4evbkeyb0.scm.westeurope-01.azurewebsites.net" User-Agent="AZURECLI/2.63.0 (MSI)" Accept-Encoding="gzip, deflate" Authorization="Bea..." Cache-Control="no-cache" Content-Type="application/octet-stream" Content-Length="23413" x-ms-client-request-id="830cc63c-5a7b-11f0-b1d5-8c1759e0f244" x-ms-artifact-checksum="4b70b9611c13a927f12bf6319325ed182f529f7eba6516110a2e27c28b8470d0" X-ARR-LOG-ID="830cc63c-5a7b-11f0-b1d5-8c1759e0f244" CLIENT-IP="149.74.208.147:64603" X-SITE-DEPLOYMENT-ID="mcp-bc-javi" WAS-DEFAULT-HOSTNAME="mcp-bc-javi-chb7bue4evbkeyb0.scm.westeurope-01.azurewebsites.net" X-Forwarded-Proto="https" X-AppService-Proto="https" X-Forwarded-TlsVersion="1.3" X-WAWS-Unencoded-URL="/api/publish?type=zip" X-Client-IP="149.74.208.147" X-Client-Port="64603" >
  <step title="Cleanup Xml Logs" date="2025-07-06T15:11:42.465" >
    <step title="Cleanup Infos" date="2025-07-06T15:11:42.483" totalFiles="235" totalCleanup="75" /><!-- duration: 5ms -->
  </step><!-- duration: 28ms -->
  <step title="OneDeploy" date="2025-07-06T15:11:42.511" >
    <step title="Starting PushDeployAsync" date="2025-07-06T15:11:42.548" /><!-- duration: 11ms -->
    <step title="Writing artifact to /tmp/zipdeploy/b38ecccc-f9c6-43be-a843-922bd50594c6.zip" date="2025-07-06T15:11:42.591" >
      <step title="Writing multipart request body to /tmp/zipdeploy/b38ecccc-f9c6-43be-a843-922bd50594c6.zip" date="2025-07-06T15:11:42.597" /><!-- duration: 10ms -->
    </step><!-- duration: 69ms -->
    <step title="Removing previous build artifact&apos;s manifest file" date="2025-07-06T15:11:42.679" >
      <step title="Attempting to fetch target branch HEAD" date="2025-07-06T15:11:42.711" /><!-- duration: 10ms -->
      <step title="Acquiring Deployment Lock" date="2025-07-06T15:11:42.743" /><!-- duration: 16ms -->
      <step title="Acquired Deployment Lock" date="2025-07-06T15:11:42.804" /><!-- duration: 6ms -->
      <step title="Performing fetch based deployment" date="2025-07-06T15:11:42.827" >
        <step title="Creating temporary deployment" date="2025-07-06T15:11:42.839" /><!-- duration: 57ms -->
        <step title="Releasing Deployment Lock" date="2025-07-06T15:11:44.061" /><!-- duration: 13ms -->
        <step title="Cleaning up temp folders from previous zip deployments and extracting pushed zip file /tmp/zipdeploy/b38ecccc-f9c6-43be-a843-922bd50594c6.zip (0.02 MB) to /tmp/zipdeploy/extracted" date="2025-07-06T15:11:44.118" >
          <step title="ChmodRecursive Process exited with total time taken in ms: 57" date="2025-07-06T15:11:44.236" /><!-- duration: 19ms -->
        </step><!-- duration: 148ms -->
        <step title="None repository commit" date="2025-07-06T15:11:44.276" >
          <step title="Commit id: 363d2613-87a2-4574-818e-53f7a005f494" date="2025-07-06T15:11:44.286" Message="OneDeploy" AuthorName="N/A" AuthorEmail="N/A" /><!-- duration: 5ms -->
        </step><!-- duration: 21ms -->
        <step title="Deployment timer started" date="2025-07-06T15:11:46.304" >
          <step title="DeploymentManager.Deploy(id:363d2613-87a2-4574-818e-53f7a005f494)" date="2025-07-06T15:11:46.315" >
            <step title="Collecting changeset information" date="2025-07-06T15:11:46.345" /><!-- duration: 93ms -->
            <step title="Updating submodules" date="2025-07-06T15:11:46.448" /><!-- duration: 1156ms -->
            <step title="Determining deployment builder" date="2025-07-06T15:11:47.838" >
              <step title="Builder is OryxBuilder" date="2025-07-06T15:11:47.860" /><!-- duration: 5ms -->
            </step><!-- duration: 32ms -->
            <step title="PreDeployment: context.CleanOutputPath False" date="2025-07-06T15:11:47.928" >
              <step title="PreDeployment: context.OutputPath /home/site/wwwroot" date="2025-07-06T15:11:48.053" >
                <step title="Building" date="2025-07-06T15:11:48.201" >
                  <step title="Executing external process" date="2025-07-06T15:11:48.582" type="process" path="bash" arguments="-c &quot;oryx build /tmp/zipdeploy/extracted -o /home/site/wwwroot --platform python --platform-version 3.12 -p virtualenv_name=antenv --log-file /tmp/build-debug.log  -i /tmp/8ddbc9f6d76cb69 --compress-destination-dir | tee /tmp/oryx-build.log ; exit $PIPESTATUS &quot;" /><!-- duration: 91917ms -->
                  <step title="Using PythonDeploymentLogParser" date="2025-07-06T15:13:20.941" /><!-- duration: 6ms -->
                  <step title="Modified file to trigger a restart of the app container." date="2025-07-06T15:13:22.298" /><!-- duration: 19ms -->
                  <step title="Skip function trigger and logicapp sync because function is not enabled." date="2025-07-06T15:13:22.358" /><!-- duration: 27ms -->
                  <step title="Purge deployment items" date="2025-07-06T15:13:23.579" >
                    <step title="Remove 9d57333c-, Success, received at 07/05/2025 14:45:14" date="2025-07-06T15:13:23.663" /><!-- duration: 5ms -->
                  </step><!-- duration: 95ms -->
                </step><!-- duration: 95534ms -->
              </step><!-- duration: 95689ms -->
              <step title="Cleaning up temp files" date="2025-07-06T15:13:23.748" /><!-- duration: 2017ms -->
              <step title="Cleaning up temp files" date="2025-07-06T15:13:25.775" /><!-- duration: 512ms -->
              <step title="Reloading status file with latest updates" date="2025-07-06T15:13:26.361" >
                <step title="WebHooksManager.PublishEventAsync: PostDeployment" date="2025-07-06T15:13:26.367" /><!-- duration: 52ms -->
              </step><!-- duration: 62ms -->
              <step title="Cleaning up temporary deployment - fetch deployment was successful" date="2025-07-06T15:13:26.434" /><!-- duration: 5ms -->
            </step><!-- duration: 98570ms -->
          </step><!-- duration: 100195ms -->
          <step title="Outgoing response" date="2025-07-06T15:13:26.537" type="response" statusCode="200" statusText="OK" /><!-- duration: 5ms -->
        </step><!-- duration: 100244ms -->
