<step title="Incoming Request" date="2025-07-04T17:31:15.440" instance="852031" url="/api/publish?type=zip" method="POST" type="request" pid="768,1,5" Accept="*/*" Host="mcp-bc-javi-chb7bue4evbkeyb0.scm.westeurope-01.azurewebsites.net" User-Agent="AZURECLI/2.63.0 (MSI)" Accept-Encoding="gzip, deflate" Authorization="Bea..." Cache-Control="no-cache" Content-Type="application/octet-stream" Content-Length="11247" x-ms-client-request-id="89831ea2-58fc-11f0-b8d7-8c1759e0f244" x-ms-artifact-checksum="f72daa31070b888a5c866cebcd30696c0d67cb8e0ce42da6d3e6d5d714cc8dd9" X-ARR-LOG-ID="89831ea2-58fc-11f0-b8d7-8c1759e0f244" CLIENT-IP="149.74.208.147:52196" X-SITE-DEPLOYMENT-ID="mcp-bc-javi" WAS-DEFAULT-HOSTNAME="mcp-bc-javi-chb7bue4evbkeyb0.scm.westeurope-01.azurewebsites.net" X-Forwarded-Proto="https" X-AppService-Proto="https" X-Forwarded-TlsVersion="1.3" X-WAWS-Unencoded-URL="/api/publish?type=zip" X-Client-IP="149.74.208.147" X-Client-Port="52196" >
  <step title="OneDeploy" date="2025-07-04T17:31:15.733" >
    <step title="None repository commit" date="2025-07-04T17:31:15.751" >
      <step title="Commit id: 2f5e28d6-e98e-4205-8183-21b1f2405c9b" date="2025-07-04T17:31:15.757" Message="N/A" AuthorName="N/A" AuthorEmail="N/A" /><!-- duration: 7ms -->
    </step><!-- duration: 17ms -->
    <step title="Starting PushDeployAsync" date="2025-07-04T17:31:15.774" /><!-- duration: 6ms -->
    <step title="Writing artifact to /tmp/zipdeploy/889666fa-3363-4bb7-863d-8ddb9bb85253.zip" date="2025-07-04T17:31:16.108" >
      <step title="Writing multipart request body to /tmp/zipdeploy/889666fa-3363-4bb7-863d-8ddb9bb85253.zip" date="2025-07-04T17:31:16.115" /><!-- duration: 5ms -->
    </step><!-- duration: 33ms -->
    <step title="Removing previous build artifact&apos;s manifest file" date="2025-07-04T17:31:16.151" >
      <step title="Attempting to fetch target branch HEAD" date="2025-07-04T17:31:16.213" /><!-- duration: 6ms -->
      <step title="Acquiring Deployment Lock" date="2025-07-04T17:31:16.225" /><!-- duration: 5ms -->
      <step title="Acquired Deployment Lock" date="2025-07-04T17:31:16.323" /><!-- duration: 6ms -->
      <step title="Performing fetch based deployment" date="2025-07-04T17:31:16.349" >
        <step title="Creating temporary deployment" date="2025-07-04T17:31:16.359" /><!-- duration: 131ms -->
        <step title="Releasing Deployment Lock" date="2025-07-04T17:31:17.759" /><!-- duration: 20ms -->
        <step title="Cleaning up temp folders from previous zip deployments and extracting pushed zip file /tmp/zipdeploy/889666fa-3363-4bb7-863d-8ddb9bb85253.zip (0.01 MB) to /tmp/zipdeploy/extracted" date="2025-07-04T17:31:17.827" >
          <step title="ChmodRecursive Process exited with total time taken in ms: 42" date="2025-07-04T17:31:17.908" /><!-- duration: 8ms -->
        </step><!-- duration: 95ms -->
        <step title="None repository commit" date="2025-07-04T17:31:17.927" >
          <step title="Commit id: 2f5e28d6-e98e-4205-8183-21b1f2405c9b" date="2025-07-04T17:31:17.932" Message="OneDeploy" AuthorName="N/A" AuthorEmail="N/A" /><!-- duration: 6ms -->
        </step><!-- duration: 17ms -->
        <step title="Deployment timer started" date="2025-07-04T17:31:19.953" >
          <step title="DeploymentManager.Deploy(id:2f5e28d6-e98e-4205-8183-21b1f2405c9b)" date="2025-07-04T17:31:19.964" >
            <step title="Collecting changeset information" date="2025-07-04T17:31:19.984" /><!-- duration: 111ms -->
            <step title="Updating submodules" date="2025-07-04T17:31:20.105" /><!-- duration: 1151ms -->
            <step title="Determining deployment builder" date="2025-07-04T17:31:21.516" >
              <step title="Builder is OryxBuilder" date="2025-07-04T17:31:21.541" /><!-- duration: 5ms -->
            </step><!-- duration: 35ms -->
            <step title="PreDeployment: context.CleanOutputPath False" date="2025-07-04T17:31:21.600" >
              <step title="PreDeployment: context.OutputPath /home/site/wwwroot" date="2025-07-04T17:31:21.720" >
                <step title="Building" date="2025-07-04T17:31:21.869" >
                  <step title="Executing external process" date="2025-07-04T17:31:22.199" type="process" path="bash" arguments="-c &quot;oryx build /tmp/zipdeploy/extracted -o /home/site/wwwroot --platform python --platform-version 3.11 -p virtualenv_name=antenv --log-file /tmp/build-debug.log  -i /tmp/8ddbb2097bccb16 --compress-destination-dir | tee /tmp/oryx-build.log ; exit $PIPESTATUS &quot;" /><!-- duration: 70168ms -->
                  <step title="Using PythonDeploymentLogParser" date="2025-07-04T17:32:33.344" /><!-- duration: 11ms -->
                  <step title="Modified file to trigger a restart of the app container." date="2025-07-04T17:32:35.538" /><!-- duration: 16ms -->
                  <step title="Skip function trigger and logicapp sync because function is not enabled." date="2025-07-04T17:32:35.573" /><!-- duration: 7ms -->
                </step><!-- duration: 74897ms -->
              </step><!-- duration: 75061ms -->
              <step title="Cleaning up temp files" date="2025-07-04T17:32:36.785" /><!-- duration: 1931ms -->
              <step title="Cleaning up temp files" date="2025-07-04T17:32:38.730" /><!-- duration: 653ms -->
              <step title="Reloading status file with latest updates" date="2025-07-04T17:32:39.445" >
                <step title="WebHooksManager.PublishEventAsync: PostDeployment" date="2025-07-04T17:32:39.454" /><!-- duration: 218ms -->
              </step><!-- duration: 232ms -->
              <step title="Cleaning up temporary deployment - fetch deployment was successful" date="2025-07-04T17:32:39.713" /><!-- duration: 5ms -->
            </step><!-- duration: 78180ms -->
          </step><!-- duration: 80397ms -->
          <step title="Outgoing response" date="2025-07-04T17:32:40.413" type="response" statusCode="200" statusText="OK" /><!-- duration: 5ms -->
        </step><!-- duration: 80471ms -->
