<step title="Incoming Request" date="2025-07-06T14:18:42.606" instance="640bf5" url="/api/zipdeploy?author=ms-azuretools-vscode&amp;deployer=ms-azuretools-vscode&amp;isAsync=true&amp;trackDeploymentId=true" method="POST" type="request" pid="770,1,5" Host="mcp-bc-javi-chb7bue4evbkeyb0.scm.westeurope-01.azurewebsites.net" User-Agent="vscode-azureappservice/0.26.2 core-rest-pipeline/1.20.0 Node/22.15.1 OS/(x64-Windows_NT-10.0.26100)" Accept-Encoding="gzip,deflate" Accept-Language="en" Authorization="Bea..." Transfer-Encoding="chunked" x-ms-correlation-request-id="8cf1763f-f4c3-4e28-9fd2-e311c17a8369" x-ms-client-request-id="b38bd029-8cf5-4e64-814c-806fda2a19ce" X-ARR-LOG-ID="b38bd029-8cf5-4e64-814c-806fda2a19ce" CLIENT-IP="149.74.208.147:63614" X-SITE-DEPLOYMENT-ID="mcp-bc-javi" WAS-DEFAULT-HOSTNAME="mcp-bc-javi-chb7bue4evbkeyb0.scm.westeurope-01.azurewebsites.net" X-Forwarded-Proto="https" X-AppService-Proto="https" X-Forwarded-TlsVersion="1.3" X-WAWS-Unencoded-URL="/api/zipdeploy?author=ms-azuretools-vscode&amp;deployer=ms-azuretools-vscode&amp;isAsync=true&amp;trackDeploymentId=true" X-Client-IP="149.74.208.147" X-Client-Port="63614" >
  <step title="ZipPushDeploy" date="2025-07-06T14:18:42.766" >
    <step title="ZipDeploy. Extract zip. Remote build." date="2025-07-06T14:18:42.806" /><!-- duration: 10ms -->
    <step title="None repository commit" date="2025-07-06T14:18:42.853" >
      <step title="Commit id: ace01e7f-bbbc-4edb-86c9-c7119b8b43ee" date="2025-07-06T14:18:42.863" Message="N/A" AuthorName="N/A" AuthorEmail="N/A" /><!-- duration: 12ms -->
    </step><!-- duration: 31ms -->
    <step title="Starting PushDeployAsync" date="2025-07-06T14:18:42.895" /><!-- duration: 14ms -->
    <step title="Writing artifact to /tmp/zipdeploy/6cc0e90e-0a0c-4a02-80cc-74098851e8e7.zip" date="2025-07-06T14:18:42.953" >
      <step title="Writing multipart request body to /tmp/zipdeploy/6cc0e90e-0a0c-4a02-80cc-74098851e8e7.zip" date="2025-07-06T14:18:42.974" /><!-- duration: 21ms -->
    </step><!-- duration: 41381ms -->
    <step title="Removing previous build artifact&apos;s manifest file" date="2025-07-06T14:19:24.355" >
      <step title="Start deployment in the background" date="2025-07-06T14:19:24.384" >
        <step title="Acquiring Deployment Lock" date="2025-07-06T14:19:24.449" /><!-- duration: 6ms -->
        <step title="Acquired Deployment Lock" date="2025-07-06T14:19:24.502" /><!-- duration: 5ms -->
      </step><!-- duration: 223ms -->
    </step><!-- duration: 262ms -->
    <step title="Outgoing response" date="2025-07-06T14:19:24.634" type="response" statusCode="202" statusText="Accepted" /><!-- duration: 5ms -->
  </step><!-- duration: 41879ms -->
