<step title="BackgroundTrace" date="2025-07-04T08:54:38.432" instance="70a632" url="/api/zipdeploy" method="POST" >
  <step title="Creating temporary deployment - FetchDeploymentManager" date="2025-07-04T08:54:38.564" /><!-- duration: 5ms -->
  <step title="Creating temporary deployment" date="2025-07-04T08:54:38.575" /><!-- duration: 124ms -->
  <step title="Performing fetch based deployment" date="2025-07-04T08:54:38.785" >
    <step title="Cleaning up temp folders from previous zip deployments and extracting pushed zip file /tmp/zipdeploy/9b4f0754-e248-4e71-b524-c1d395ae8f5d.zip (0.02 MB) to /tmp/zipdeploy/extracted" date="2025-07-04T08:54:40.005" >
      <step title="ChmodRecursive Process exited with total time taken in ms: 14" date="2025-07-04T08:54:40.054" /><!-- duration: 6ms -->
    </step><!-- duration: 61ms -->
    <step title="Deployment timer started" date="2025-07-04T08:54:42.079" >
      <step title="DeploymentManager.Deploy(id:837ee695-1658-4fd7-ab5d-35f0967ada05)" date="2025-07-04T08:54:42.093" >
        <step title="Collecting changeset information" date="2025-07-04T08:54:42.167" /><!-- duration: 129ms -->
        <step title="Updating submodules" date="2025-07-04T08:54:42.307" /><!-- duration: 1287ms -->
        <step title="Determining deployment builder" date="2025-07-04T08:54:43.873" >
          <step title="Builder is BasicBuilder" date="2025-07-04T08:54:43.923" /><!-- duration: 10ms -->
        </step><!-- duration: 71ms -->
        <step title="PreDeployment: context.CleanOutputPath False" date="2025-07-04T08:54:44.261" >
          <step title="PreDeployment: context.OutputPath /home/site/wwwroot" date="2025-07-04T08:54:44.399" >
            <step title="Building" date="2025-07-04T08:54:44.552" >
              <step title="Executing external process" date="2025-07-04T08:54:44.858" type="process" path="starter.sh" arguments="/opt/Kudu/Scripts/parallel_rsync.sh /tmp/zipdeploy/extracted /home/site/wwwroot 8 /tmp/ False True  " >
                <step title="Process dump" date="2025-07-04T08:54:48.441" exitCode="123" type="processOutput" /><!-- duration: 17ms -->
              </step><!-- duration: 3606ms -->
              <step title="Error occurred" date="2025-07-04T08:54:48.481" type="error" text="rsync: [generator] recv_generator: failed to stat &quot;/home/site/wwwroot/bc_server\# Code Citations.md&quot;: Invalid argument (22)
rsync: [generator] recv_generator: failed to stat &quot;/home/site/wwwroot/bc_server\README.md&quot;: Invalid argument (22)
rsync: [generator] recv_generator: failed to stat &quot;/home/site/wwwroot/bc_server\__init__.py&quot;: Invalid argument (22)
rsync: [generator] recv_generator: failed to stat &quot;/home/site/wwwroot/.vscode\task1.txt&quot;: Invalid argument (22)
rsync: [generator] recv_generator: failed to stat &quot;/home/site/wwwroot/bc_server\setup_guide.py&quot;: Invalid argument (22)
rsync: [generator] recv_generator: failed to stat &quot;/home/site/wwwroot/auth\azure_auth.py&quot;: Invalid argument (22)
rsync: [generator] recv_generator: failed to stat &quot;/home/site/wwwroot/bc_server\BusinessCentralMCP.py&quot;: Invalid argument (22)
rsync: [generator] recv_generator: failed to stat &quot;/home/site/wwwroot/.vscode\tasks.json&quot;: Invalid argument (22)
rsync: [generator] recv_generator: failed to stat &quot;/home/site/wwwroot/bc_server\http_server.py&quot;: Invalid argument (22)
rsync: [generator] recv_generator: failed to stat &quot;/home/site/wwwroot/.github\copilot-instructions.md&quot;: Invalid argument (22)
rsync: [generator] recv_generator: failed to stat &quot;/home/site/wwwroot/bc_server\client.py&quot;: Invalid argument (22)
rsync: [generator] recv_generator: failed to stat &quot;/home/site/wwwroot/bc_server\SETUP.md&quot;: Invalid argument (22)
rsync: [generator] recv_generator: failed to stat &quot;/home/site/wwwroot/bc_server\config.py&quot;: Invalid argument (22)
rsync error: some files/attrs were not transferred (see previous errors) (code 23) at main.c(1333) [sender=3.2.3]
rsync: [generator] recv_generator: failed to stat &quot;/home/site/wwwroot/bc_server\# Code Citations.md&quot;: Invalid argument (22)
rsync: [generator] recv_generator: failed to stat &quot;/home/site/wwwroot/bc_server\README.md&quot;: Invalid argument (22)
rsync: [generator] recv_generator: failed to stat &quot;/home/site/wwwroot/bc_server\__init__.py&quot;: Invalid argument (22)
rsync error: some files/attrs were not transferred (see previous errors) (code 23) at main.c(1333) [sender=3.2.3]
rsync error: some files/attrs were not transferred (see previous errors) (code 23) at main.c(1333) [sender=3.2.3]
rsync error: some files/attrs were not transferred (see previous errors) (code 23) at main.c(1333) [sender=3.2.3]
rsync: [generator] recv_generator: failed to stat &quot;/home/site/wwwroot/.vscode\task1.txt&quot;: Invalid argument (22)
rsync: [generator] recv_generator: failed to stat &quot;/home/site/wwwroot/bc_server\setup_guide.py&quot;: Invalid argument (22)
rsync: [generator] recv_generator: failed to stat &quot;/home/site/wwwroot/auth\azure_auth.py&quot;: Invalid argument (22)
rsync: [generator] recv_generator: failed to stat &quot;/home/site/wwwroot/bc_server\BusinessCentralMCP.py&quot;: Invalid argument (22)
rsync: [generator] recv_generator: failed to stat &quot;/home/site/wwwroot/.vscode\tasks.json&quot;: Invalid argument (22)
rsync: [generator] recv_generator: failed to stat &quot;/home/site/wwwroot/bc_server\http_server.py&quot;: Invalid argument (22)
rsync error: some files/attrs were not transferred (see previous errors) (code 23) at main.c(1333) [sender=3.2.3]
rsync: [generator] recv_generator: failed to stat &quot;/home/site/wwwroot/bc_server\SETUP.md&quot;: Invalid argument (22)
rsync: [generator] recv_generator: failed to stat &quot;/home/site/wwwroot/bc_server\config.py&quot;: Invalid argument (22)
rsync error: some files/attrs were not transferred (see previous errors) (code 23) at main.c(1333) [sender=3.2.3]
rsync: [generator] recv_generator: failed to stat &quot;/home/site/wwwroot/.github\copilot-instructions.md&quot;: Invalid argument (22)
rsync: [generator] recv_generator: failed to stat &quot;/home/site/wwwroot/bc_server\client.py&quot;: Invalid argument (22)
rsync error: some files/attrs were not transferred (see previous errors) (code 23) at main.c(1333) [sender=3.2.3]
rsync error: some files/attrs were not transferred (see previous errors) (code 23) at main.c(1333) [sender=3.2.3]
rsync error: some files/attrs were not transferred (see previous errors) (code 23) at main.c(1333) [sender=3.2.3]
rsync error: some files/attrs were not transferred (see previous errors) (code 23) at main.c(1333) [sender=3.2.3]
rsync error: some files/attrs were not transferred (see previous errors) (code 23) at main.c(1333) [sender=3.2.3]
rsync error: some files/attrs were not transferred (see previous errors) (code 23) at main.c(1333) [sender=3.2.3]
/opt/Kudu/Scripts/starter.sh /opt/Kudu/Scripts/parallel_rsync.sh /tmp/zipdeploy/extracted /home/site/wwwroot 8 /tmp/ False True  " stackTrace="   at Kudu.Core.Infrastructure.Executable.ExecuteInternal(ITracer tracer, Func`2 onWriteOutput, Func`2 onWriteError, CancellationToken token, Encoding encoding, String arguments, Object[] args) in /tmp/KuduLite/Kudu.Core/Infrastructure/Executable.cs:line 239
   at Kudu.Core.Infrastructure.Executable.ExecuteWithProgressWriter(ILogger logger, ITracer tracer, CancellationToken token, String arguments, Object[] args) in /tmp/KuduLite/Kudu.Core/Infrastructure/Executable.cs:line 118
   at Kudu.Core.Deployment.Generator.ExternalCommandBuilder.RunCommand(DeploymentContext context, String command, Boolean ignoreManifest, CancellationToken token, String message) in /tmp/KuduLite/Kudu.Core/Deployment/Generator/ExternalCommandBuilder.cs:line 122" /><!-- duration: 8ms -->
              <step title="Warning" date="2025-07-04T08:54:48.495" type="warning" text="Exception in parallel rsync: ExitCode: 123, Output: Run rsync from: /tmp/zipdeploy/extracted/ to: /home/site/wwwroot/ in 8 parallel threads
Delete options: clean=False, use manifest=True, directory to ignore=
Prev manifest = /opt/Kudu/Scripts/firstDeploymentManifest and next /home/site/deployments/837ee695-1658-4fd7-ab5d-35f0967ada05/manifest
Cleaning up /tmp//filelist.txt and /tmp//splits
Creating a list of all files at /tmp//filelist.txt
No directory to exclude.
Created /tmp//filelist.txt. Total number of files to be synced = 17.
Created batches from the list of files. Processing 3 files in each thread
Running rsync for filelist /tmp//splits/split.aa from /tmp/zipdeploy/extracted/ to /home/site/wwwroot/
Running rsync for filelist /tmp//splits/split.ab from /tmp/zipdeploy/extracted/ to /home/site/wwwroot/
Running rsync for filelist /tmp//splits/split.ac from /tmp/zipdeploy/extracted/ to /home/site/wwwroot/
Running rsync for filelist /tmp//splits/split.ad from /tmp/zipdeploy/extracted/ to /home/site/wwwroot/
Running rsync for filelist /tmp//splits/split.ae from /tmp/zipdeploy/extracted/ to /home/site/wwwroot/
Running rsync for filelist /tmp//splits/split.af from /tmp/zipdeploy/extracted/ to /home/site/wwwroot/

Number of files: 3 (reg: 3)
Number of created files: 0
Number of deleted files: 0
Number of regular files transferred: 0
Total file size: 4.06K bytes
Total transferred file size: 0 bytes
Literal data: 0 bytes
Matched data: 0 bytes
File list size: 0
File list generation time: 0.001 seconds
File list transfer time: 0.000 seconds
Total bytes sent: 161
Total bytes received: 12

sent 161 bytes  received 12 bytes  115.33 bytes/sec
total size is 4.06K  speedup is 23.47
Attempt 1: Rsync for filelist /tmp//splits/split.aa completed with exit code 23

Number of files: 3 (reg: 3)
Number of created files: 0
Number of deleted files: 0
Number of regular files transferred: 0
Total file size: 9.84K bytes
Total transferred file size: 0 bytes
Literal data: 0 bytes
Matched data: 0 bytes
File list size: 0
File list generation time: 0.008 seconds
File list transfer time: 0.000 seconds
Total bytes sent: 165
Total bytes received: 19

sent 165 bytes  received 19 bytes  368.00 bytes/sec
total size is 9.84K  speedup is 53.47

Number of files: 3 (reg: 3)
Number of created files: 0
Number of deleted files: 0
Number of regular files transferred: 0
Total file size: 8.39K bytes
Total transferred file size: 0 bytes
Literal data: 0 bytes
Matched data: 0 bytes
File list size: 0
File list generation time: 0.008 seconds
File list transfer time: 0.000 seconds
Total bytes sent: 172
Total bytes received: 19

sent 172 bytes  received 19 bytes  382.00 bytes/sec
total size is 8.39K  speedup is 43.93
Attempt 1: Rsync for filelist /tmp//splits/split.ad completed with exit code 23

Number of files: 3 (reg: 3)
Number of created files: 0
Number of deleted files: 0
Number of regular files transferred: 0
Total file size: 16.11K bytes
Total transferred file size: 0 bytes
Literal data: 0 bytes
Matched data: 0 bytes
File list size: 0
File list generation time: 0.001 seconds
File list transfer time: 0.000 seconds
Total bytes sent: 169
Total bytes received: 15

sent 169 bytes  received 15 bytes  122.67 bytes/sec
total size is 16.11K  speedup is 87.58
Attempt 1: Rsync for filelist /tmp//splits/split.ac completed with exit code 23
Attempt 1: Rsync for filelist /tmp//splits/split.ab completed with exit code 23

Number of files: 2 (reg: 2)
Number of created files: 0
Number of deleted files: 0
Number of regular files transferred: 0
Total file size: 6.85K bytes
Total transferred file size: 0 bytes
Literal data: 0 bytes
Matched data: 0 bytes
File list size: 0
File list generation time: 0.001 seconds
File list transfer time: 0.000 seconds
Total bytes sent: 135
Total bytes received: 12

sent 135 bytes  received 12 bytes  294.00 bytes/sec
total size is 6.85K  speedup is 46.59
Attempt 1: Rsync for filelist /tmp//splits/split.af completed with exit code 23

Number of files: 3 (reg: 3)
Number of created files: 0
Number of deleted files: 0
Number of regular files transferred: 0
Total file size: 5.88K bytes
Total transferred file size: 0 bytes
Literal data: 0 bytes
Matched data: 0 bytes
File list size: 0
File list generation time: 0.001 seconds
File list transfer time: 0.000 seconds
Total bytes sent: 185
Total bytes received: 15

sent 185 bytes  received 15 bytes  400.00 bytes/sec
total size is 5.88K  speedup is 29.41
Attempt 1: Rsync for filelist /tmp//splits/split.ae completed with exit code 23

Number of files: 3 (reg: 3)
Number of created files: 0
Number of deleted files: 0
Number of regular files transferred: 0
Total file size: 4.06K bytes
Total transferred file size: 0 bytes
Literal data: 0 bytes
Matched data: 0 bytes
File list size: 0
File list generation time: 0.001 seconds
File list transfer time: 0.000 seconds
Total bytes sent: 161
Total bytes received: 12

sent 161 bytes  received 12 bytes  346.00 bytes/sec
total size is 4.06K  speedup is 23.47
Attempt 2: Rsync for filelist /tmp//splits/split.aa completed with exit code 23

Number of files: 3 (reg: 3)
Number of created files: 0
Number of deleted files: 0
Number of regular files transferred: 0
Total file size: 8.39K bytes
Total transferred file size: 0 bytes
Literal data: 0 bytes
Matched data: 0 bytes
File list size: 0
File list generation time: 0.001 seconds
File list transfer time: 0.000 seconds

Number of files: 3 (reg: 3)
Number of created files: 0
Number of deleted files: 0
Number of regular files transferred: 0
Total file size: 16.11K bytes
Total transferred file size: 0 bytes
Literal data: 0 bytes
Matched data: 0 bytes
File list size: 0
File list generation time: 0.001 seconds
File list transfer time: 0.000 seconds
Total bytes sent: 169
Total bytes received: 15

sent 169 bytes  received 15 bytes  368.00 bytes/sec
total size is 16.11K  speedup is 87.58
Attempt 2: Rsync for filelist /tmp//splits/split.ab completed with exit code 23
Total bytes sent: 172
Total bytes received: 19

sent 172 bytes  received 19 bytes  382.00 bytes/sec
total size is 8.39K  speedup is 43.93
Attempt 2: Rsync for filelist /tmp//splits/split.ac completed with exit code 23

Number of files: 2 (reg: 2)
Number of created files: 0
Number of deleted files: 0
Number of regular files transferred: 0
Total file size: 6.85K bytes
Total transferred file size: 0 bytes
Literal data: 0 bytes
Matched data: 0 bytes
File list size: 0
File list generation time: 0.001 seconds
File list transfer time: 0.000 seconds
Total bytes sent: 135
Total bytes received: 12

sent 135 bytes  received 12 bytes  294.00 bytes/sec
total size is 6.85K  speedup is 46.59
Attempt 2: Rsync for filelist /tmp//splits/split.af completed with exit code 23

Number of files: 3 (reg: 3)
Number of created files: 0
Number of deleted files: 0
Number of regular files transferred: 0
Total file size: 9.84K bytes
Total transferred file size: 0 bytes
Literal data: 0 bytes
Matched data: 0 bytes
File list size: 0
File list generation time: 0.001 seconds
File list transfer time: 0.000 seconds
Total bytes sent: 165
Total bytes received: 19

sent 165 bytes  received 19 bytes  368.00 bytes/sec
total size is 9.84K  speedup is 53.47
Attempt 2: Rsync for filelist /tmp//splits/split.ad completed with exit code 23

Number of files: 3 (reg: 3)
Number of created files: 0
Number of deleted files: 0
Number of regular files transferred: 0
Total file size: 5.88K bytes
Total transferred file size: 0 bytes
Literal data: 0 bytes
Matched data: 0 bytes
File list size: 0
File list generation time: 0.001 seconds
File list transfer time: 0.000 seconds
Total bytes sent: 185
Total bytes received: 15

sent 185 bytes  received 15 bytes  400.00 bytes/sec
total size is 5.88K  speedup is 29.41
Attempt 2: Rsync for filelist /tmp//splits/split.ae completed with exit code 23
An error has occurred during web site deployment.
Rsync failed in 1 seconds, Error: rsync: [generator] recv_generator: failed to stat &quot;/home/site/wwwroot/bc_server\# Code Citations.md&quot;: Invalid argument (22)
rsync: [generator] recv_generator: failed to stat &quot;/home/site/wwwroot/bc_server\README.md&quot;: Invalid argument (22)
rsync: [generator] recv_generator: failed to stat &quot;/home/site/wwwroot/bc_server\__init__.py&quot;: Invalid argument (22)
rsync: [generator] recv_generator: failed to stat &quot;/home/site/wwwroot/.vscode\task1.txt&quot;: Invalid argument (22)
rsync: [generator] recv_generator: failed to stat &quot;/home/site/wwwroot/bc_server\setup_guide.py&quot;: Invalid argument (22)
rsync: [generator] recv_generator: failed to stat &quot;/home/site/wwwroot/auth\azure_auth.py&quot;: Invalid argument (22)
rsync: [generator] recv_generator: failed to stat &quot;/home/site/wwwroot/bc_server\BusinessCentralMCP.py&quot;: Invalid argument (22)
rsync: [generator] recv_generator: failed to stat &quot;/home/site/wwwroot/.vscode\tasks.json&quot;: Invalid argument (22)
rsync: [generator] recv_generator: failed to stat &quot;/home/site/wwwroot/bc_server\http_server.py&quot;: Invalid argument (22)
rsync: [generator] recv_generator: failed to stat &quot;/home/site/wwwroot/.github\copilot-instructions.md&quot;: Invalid argument (22)
rsync: [generator] recv_generator: failed to stat &quot;/home/site/wwwroot/bc_server\client.py&quot;: Invalid argument (22)
rsync: [generator] recv_generator: failed to stat &quot;/home/site/wwwroot/bc_server\SETUP.md&quot;: Invalid argument (22)
rsync: [generator] recv_generator: failed to stat &quot;/home/site/wwwroot/bc_server\config.py&quot;: Invalid argument (22)
rsync error: some files/attrs were not transferred (see previous errors) (code 23) at main.c(1333) [sender=3.2.3]
rsync: [generator] recv_generator: failed to stat &quot;/home/site/wwwroot/bc_server\# Code Citations.md&quot;: Invalid argument (22)
rsync: [generator] recv_generator: failed to stat &quot;/home/site/wwwroot/bc_server\README.md&quot;: Invalid argument (22)
rsync: [generator] recv_generator: failed to stat &quot;/home/site/wwwroot/bc_server\__init__.py&quot;: Invalid argument (22)
rsync error: some files/attrs were not transferred (see previous errors) (code 23) at main.c(1333) [sender=3.2.3]
rsync error: some files/attrs were not transferred (see previous errors) (code 23) at main.c(1333) [sender=3.2.3]
rsync error: some files/attrs were not transferred (see previous errors) (code 23) at main.c(1333) [sender=3.2.3]
rsync: [generator] recv_generator: failed to stat &quot;/home/site/wwwroot/.vscode\task1.txt&quot;: Invalid argument (22)
rsync: [generator] recv_generator: failed to stat &quot;/home/site/wwwroot/bc_server\setup_guide.py&quot;: Invalid argument (22)
rsync: [generator] recv_generator: failed to stat &quot;/home/site/wwwroot/auth\azure_auth.py&quot;: Invalid argument (22)
rsync: [generator] recv_generator: failed to stat &quot;/home/site/wwwroot/bc_server\BusinessCentralMCP.py&quot;: Invalid argument (22)
rsync: [generator] recv_generator: failed to stat &quot;/home/site/wwwroot/.vscode\tasks.json&quot;: Invalid argument (22)
rsync: [generator] recv_generator: failed to stat &quot;/home/site/wwwroot/bc_server\http_server.py&quot;: Invalid argument (22)
rsync error: some files/attrs were not transferred (see previous errors) (code 23) at main.c(1333) [sender=3.2.3]
rsync: [generator] recv_generator: failed to stat &quot;/home/site/wwwroot/bc_server\SETUP.md&quot;: Invalid argument (22)
rsync: [generator] recv_generator: failed to stat &quot;/home/site/wwwroot/bc_server\config.py&quot;: Invalid argument (22)
rsync error: some files/attrs were not transferred (see previous errors) (code 23) at main.c(1333) [sender=3.2.3]
rsync: [generator] recv_generator: failed to stat &quot;/home/site/wwwroot/.github\copilot-instructions.md&quot;: Invalid argument (22)
rsync: [generator] recv_generator: failed to stat &quot;/home/site/wwwroot/bc_server\client.py&quot;: Invalid argument (22)
rsync error: some files/attrs were not transferred (see previous errors) (code 23) at main.c(1333) [sender=3.2.3]
rsync error: some files/attrs were not transferred (see previous errors) (code 23) at main.c(1333) [sender=3.2.3]
rsync error: some files/attrs were not transferred (see previous errors) (code 23) at main.c(1333) [sender=3.2.3]
rsync error: some files/attrs were not transferred (see previous errors) (code 23) at main.c(1333) [sender=3.2.3]
rsync error: some files/attrs were not transferred (see previous errors) (code 23) at main.c(1333) [sender=3.2.3]
rsync error: some files/attrs were not transferred (see previous errors) (code 23) at main.c(1333) [sender=3.2.3], Kudu.Core.Infrastructure.CommandLineException: rsync: [generator] recv_generator: failed to stat &quot;/home/site/wwwroot/bc_server\# Code Citations.md&quot;: Invalid argument (22)
rsync: [generator] recv_generator: failed to stat &quot;/home/site/wwwroot/bc_server\README.md&quot;: Invalid argument (22)
rsync: [generator] recv_generator: failed to stat &quot;/home/site/wwwroot/bc_server\__init__.py&quot;: Invalid argument (22)
rsync: [generator] recv_generator: failed to stat &quot;/home/site/wwwroot/.vscode\task1.txt&quot;: Invalid argument (22)
rsync: [generator] recv_generator: failed to stat &quot;/home/site/wwwroot/bc_server\setup_guide.py&quot;: Invalid argument (22)
rsync: [generator] recv_generator: failed to stat &quot;/home/site/wwwroot/auth\azure_auth.py&quot;: Invalid argument (22)
rsync: [generator] recv_generator: failed to stat &quot;/home/site/wwwroot/bc_server\BusinessCentralMCP.py&quot;: Invalid argument (22)
rsync: [generator] recv_generator: failed to stat &quot;/home/site/wwwroot/.vscode\tasks.json&quot;: Invalid argument (22)
rsync: [generator] recv_generator: failed to stat &quot;/home/site/wwwroot/bc_server\http_server.py&quot;: Invalid argument (22)
rsync: [generator] recv_generator: failed to stat &quot;/home/site/wwwroot/.github\copilot-instructions.md&quot;: Invalid argument (22)
rsync: [generator] recv_generator: failed to stat &quot;/home/site/wwwroot/bc_server\client.py&quot;: Invalid argument (22)
rsync: [generator] recv_generator: failed to stat &quot;/home/site/wwwroot/bc_server\SETUP.md&quot;: Invalid argument (22)
rsync: [generator] recv_generator: failed to stat &quot;/home/site/wwwroot/bc_server\config.py&quot;: Invalid argument (22)
rsync error: some files/attrs were not transferred (see previous errors) (code 23) at main.c(1333) [sender=3.2.3]
rsync: [generator] recv_generator: failed to stat &quot;/home/site/wwwroot/bc_server\# Code Citations.md&quot;: Invalid argument (22)
rsync: [generator] recv_generator: failed to stat &quot;/home/site/wwwroot/bc_server\README.md&quot;: Invalid argument (22)
rsync: [generator] recv_generator: failed to stat &quot;/home/site/wwwroot/bc_server\__init__.py&quot;: Invalid argument (22)
rsync error: some files/attrs were not transferred (see previous errors) (code 23) at main.c(1333) [sender=3.2.3]
rsync error: some files/attrs were not transferred (see previous errors) (code 23) at main.c(1333) [sender=3.2.3]
rsync error: some files/attrs were not transferred (see previous errors) (code 23) at main.c(1333) [sender=3.2.3]
rsync: [generator] recv_generator: failed to stat &quot;/home/site/wwwroot/.vscode\task1.txt&quot;: Invalid argument (22)
rsync: [generator] recv_generator: failed to stat &quot;/home/site/wwwroot/bc_server\setup_guide.py&quot;: Invalid argument (22)
rsync: [generator] recv_generator: failed to stat &quot;/home/site/wwwroot/auth\azure_auth.py&quot;: Invalid argument (22)
rsync: [generator] recv_generator: failed to stat &quot;/home/site/wwwroot/bc_server\BusinessCentralMCP.py&quot;: Invalid argument (22)
rsync: [generator] recv_generator: failed to stat &quot;/home/site/wwwroot/.vscode\tasks.json&quot;: Invalid argument (22)
rsync: [generator] recv_generator: failed to stat &quot;/home/site/wwwroot/bc_server\http_server.py&quot;: Invalid argument (22)
rsync error: some files/attrs were not transferred (see previous errors) (code 23) at main.c(1333) [sender=3.2.3]
rsync: [generator] recv_generator: failed to stat &quot;/home/site/wwwroot/bc_server\SETUP.md&quot;: Invalid argument (22)
rsync: [generator] recv_generator: failed to stat &quot;/home/site/wwwroot/bc_server\config.py&quot;: Invalid argument (22)
rsync error: some files/attrs were not transferred (see previous errors) (code 23) at main.c(1333) [sender=3.2.3]
rsync: [generator] recv_generator: failed to stat &quot;/home/site/wwwroot/.github\copilot-instructions.md&quot;: Invalid argument (22)
rsync: [generator] recv_generator: failed to stat &quot;/home/site/wwwroot/bc_server\client.py&quot;: Invalid argument (22)
rsync error: some files/attrs were not transferred (see previous errors) (code 23) at main.c(1333) [sender=3.2.3]
rsync error: some files/attrs were not transferred (see previous errors) (code 23) at main.c(1333) [sender=3.2.3]
rsync error: some files/attrs were not transferred (see previous errors) (code 23) at main.c(1333) [sender=3.2.3]
rsync error: some files/attrs were not transferred (see previous errors) (code 23) at main.c(1333) [sender=3.2.3]
rsync error: some files/attrs were not transferred (see previous errors) (code 23) at main.c(1333) [sender=3.2.3]
rsync error: some files/attrs were not transferred (see previous errors) (code 23) at main.c(1333) [sender=3.2.3]
/opt/Kudu/Scripts/starter.sh /opt/Kudu/Scripts/parallel_rsync.sh /tmp/zipdeploy/extracted /home/site/wwwroot 8 /tmp/ False True  
   at Kudu.Core.Infrastructure.Executable.ExecuteInternal(ITracer tracer, Func`2 onWriteOutput, Func`2 onWriteError, CancellationToken token, Encoding encoding, String arguments, Object[] args) in /tmp/KuduLite/Kudu.Core/Infrastructure/Executable.cs:line 239
   at Kudu.Core.Infrastructure.Executable.ExecuteWithProgressWriter(ILogger logger, ITracer tracer, CancellationToken token, String arguments, Object[] args) in /tmp/KuduLite/Kudu.Core/Infrastructure/Executable.cs:line 118
   at Kudu.Core.Deployment.Generator.ExternalCommandBuilder.RunCommand(DeploymentContext context, String command, Boolean ignoreManifest, CancellationToken token, String message) in /tmp/KuduLite/Kudu.Core/Deployment/Generator/ExternalCommandBuilder.cs:line 122
   at Kudu.Core.Deployment.Generator.GeneratorSiteBuilder.Build(DeploymentContext context, CancellationToken token) in /tmp/KuduLite/Kudu.Core/Deployment/Generator/GeneratorSiteBuilder.cs:line 70" /><!-- duration: 6ms -->
              <step title="Generating deployment script" date="2025-07-04T08:54:48.509" >
                <step title="Using cached version of the deployment script for command: -y --no-dot-deployment -r &quot;/tmp/zipdeploy/extracted&quot; -o &quot;/home/site/deployments/tools&quot; --basic --sitePath &quot;/tmp/zipdeploy/extracted&quot;" date="2025-07-04T08:54:48.569" /><!-- duration: 6ms -->
              </step><!-- duration: 85ms -->
              <step title="Executing external process" date="2025-07-04T08:54:48.795" type="process" path="starter.sh" arguments="&quot;/home/site/deployments/tools/deploy.sh&quot;" >
                <step title="Process dump" date="2025-07-04T08:54:48.982" exitCode="1" type="processOutput" /><!-- duration: 6ms -->
              </step><!-- duration: 208ms -->
              <step title="Error occurred" date="2025-07-04T08:54:49.019" type="error" text="
/opt/Kudu/Scripts/starter.sh &quot;/home/site/deployments/tools/deploy.sh&quot;" stackTrace="   at Kudu.Core.Infrastructure.Executable.ExecuteInternal(ITracer tracer, Func`2 onWriteOutput, Func`2 onWriteError, CancellationToken token, Encoding encoding, String arguments, Object[] args) in /tmp/KuduLite/Kudu.Core/Infrastructure/Executable.cs:line 239
   at Kudu.Core.Infrastructure.Executable.ExecuteWithProgressWriter(ILogger logger, ITracer tracer, CancellationToken token, String arguments, Object[] args) in /tmp/KuduLite/Kudu.Core/Infrastructure/Executable.cs:line 118
   at Kudu.Core.Deployment.Generator.ExternalCommandBuilder.RunCommand(DeploymentContext context, String command, Boolean ignoreManifest, CancellationToken token, String message) in /tmp/KuduLite/Kudu.Core/Deployment/Generator/ExternalCommandBuilder.cs:line 122" /><!-- duration: 9ms -->
              <step title="Error occurred" date="2025-07-04T08:54:49.033" type="error" text="
/opt/Kudu/Scripts/starter.sh &quot;/home/site/deployments/tools/deploy.sh&quot;" stackTrace="   at Kudu.Core.Infrastructure.Executable.ExecuteInternal(ITracer tracer, Func`2 onWriteOutput, Func`2 onWriteError, CancellationToken token, Encoding encoding, String arguments, Object[] args) in /tmp/KuduLite/Kudu.Core/Infrastructure/Executable.cs:line 239
   at Kudu.Core.Infrastructure.Executable.ExecuteWithProgressWriter(ILogger logger, ITracer tracer, CancellationToken token, String arguments, Object[] args) in /tmp/KuduLite/Kudu.Core/Infrastructure/Executable.cs:line 118
   at Kudu.Core.Deployment.Generator.ExternalCommandBuilder.RunCommand(DeploymentContext context, String command, Boolean ignoreManifest, CancellationToken token, String message) in /tmp/KuduLite/Kudu.Core/Deployment/Generator/ExternalCommandBuilder.cs:line 122
   at Kudu.Core.Deployment.Generator.GeneratorSiteBuilder.Build(DeploymentContext context, CancellationToken token) in /tmp/KuduLite/Kudu.Core/Deployment/Generator/GeneratorSiteBuilder.cs:line 84
--- End of stack trace from previous location ---
   at Kudu.Core.Deployment.DeploymentManager.Build(ChangeSet changeSet, ITracer tracer, IDisposable deployStep, IRepository repository, DeploymentInfoBase deploymentInfo, DeploymentAnalytics deploymentAnalytics, Boolean fullBuildByDefault, CancellationToken cancellationToken) in /tmp/KuduLite/Kudu.Core/Deployment/DeploymentManager.cs:line 771" /><!-- duration: 6ms -->
              <step title="Purge deployment items" date="2025-07-04T08:54:49.335" >
                <step title="Remove c4a69578-, Failed, received at 07/04/2025 08:49:11" date="2025-07-04T08:54:49.392" /><!-- duration: 6ms -->
              </step><!-- duration: 68ms -->
            </step><!-- duration: 4859ms -->
          </step><!-- duration: 5018ms -->
          <step title="Error occurred" date="2025-07-04T08:54:49.423" type="error" text="
/opt/Kudu/Scripts/starter.sh &quot;/home/site/deployments/tools/deploy.sh&quot;" stackTrace="   at Kudu.Core.Infrastructure.Executable.ExecuteInternal(ITracer tracer, Func`2 onWriteOutput, Func`2 onWriteError, CancellationToken token, Encoding encoding, String arguments, Object[] args) in /tmp/KuduLite/Kudu.Core/Infrastructure/Executable.cs:line 239
   at Kudu.Core.Infrastructure.Executable.ExecuteWithProgressWriter(ILogger logger, ITracer tracer, CancellationToken token, String arguments, Object[] args) in /tmp/KuduLite/Kudu.Core/Infrastructure/Executable.cs:line 118
   at Kudu.Core.Deployment.Generator.ExternalCommandBuilder.RunCommand(DeploymentContext context, String command, Boolean ignoreManifest, CancellationToken token, String message) in /tmp/KuduLite/Kudu.Core/Deployment/Generator/ExternalCommandBuilder.cs:line 122
   at Kudu.Core.Deployment.Generator.GeneratorSiteBuilder.Build(DeploymentContext context, CancellationToken token) in /tmp/KuduLite/Kudu.Core/Deployment/Generator/GeneratorSiteBuilder.cs:line 84
--- End of stack trace from previous location ---
   at Kudu.Core.Deployment.DeploymentManager.Build(ChangeSet changeSet, ITracer tracer, IDisposable deployStep, IRepository repository, DeploymentInfoBase deploymentInfo, DeploymentAnalytics deploymentAnalytics, Boolean fullBuildByDefault, CancellationToken cancellationToken) in /tmp/KuduLite/Kudu.Core/Deployment/DeploymentManager.cs:line 771
   at Kudu.Core.Deployment.DeploymentManager.Build(ChangeSet changeSet, ITracer tracer, IDisposable deployStep, IRepository repository, DeploymentInfoBase deploymentInfo, DeploymentAnalytics deploymentAnalytics, Boolean fullBuildByDefault, CancellationToken cancellationToken) in /tmp/KuduLite/Kudu.Core/Deployment/DeploymentManager.cs:line 840" /><!-- duration: 5ms -->
          <step title="Cleaning up temp files" date="2025-07-04T08:54:49.485" /><!-- duration: 11ms -->
          <step title="Cleaning up temp files" date="2025-07-04T08:54:49.502" /><!-- duration: 506ms -->
          <step title="Error occurred" date="2025-07-04T08:54:50.054" type="error" text="
/opt/Kudu/Scripts/starter.sh &quot;/home/site/deployments/tools/deploy.sh&quot;" stackTrace="   at Kudu.Core.Infrastructure.Executable.ExecuteInternal(ITracer tracer, Func`2 onWriteOutput, Func`2 onWriteError, CancellationToken token, Encoding encoding, String arguments, Object[] args) in /tmp/KuduLite/Kudu.Core/Infrastructure/Executable.cs:line 239
   at Kudu.Core.Infrastructure.Executable.ExecuteWithProgressWriter(ILogger logger, ITracer tracer, CancellationToken token, String arguments, Object[] args) in /tmp/KuduLite/Kudu.Core/Infrastructure/Executable.cs:line 118
   at Kudu.Core.Deployment.Generator.ExternalCommandBuilder.RunCommand(DeploymentContext context, String command, Boolean ignoreManifest, CancellationToken token, String message) in /tmp/KuduLite/Kudu.Core/Deployment/Generator/ExternalCommandBuilder.cs:line 122
   at Kudu.Core.Deployment.Generator.GeneratorSiteBuilder.Build(DeploymentContext context, CancellationToken token) in /tmp/KuduLite/Kudu.Core/Deployment/Generator/GeneratorSiteBuilder.cs:line 84
--- End of stack trace from previous location ---
   at Kudu.Core.Deployment.DeploymentManager.Build(ChangeSet changeSet, ITracer tracer, IDisposable deployStep, IRepository repository, DeploymentInfoBase deploymentInfo, DeploymentAnalytics deploymentAnalytics, Boolean fullBuildByDefault, CancellationToken cancellationToken) in /tmp/KuduLite/Kudu.Core/Deployment/DeploymentManager.cs:line 771
   at Kudu.Core.Deployment.DeploymentManager.Build(ChangeSet changeSet, ITracer tracer, IDisposable deployStep, IRepository repository, DeploymentInfoBase deploymentInfo, DeploymentAnalytics deploymentAnalytics, Boolean fullBuildByDefault, CancellationToken cancellationToken) in /tmp/KuduLite/Kudu.Core/Deployment/DeploymentManager.cs:line 840
   at Kudu.Core.Deployment.DeploymentManager.DeployAsync(IRepository repository, ChangeSet changeSet, String deployer, Boolean clean, DeploymentInfoBase deploymentInfo, Boolean needFileUpdate, Boolean fullBuildByDefault) in /tmp/KuduLite/Kudu.Core/Deployment/DeploymentManager.cs:line 266" /><!-- duration: 5ms -->
        </step><!-- duration: 5804ms -->
        <step title="Reloading status file with latest updates" date="2025-07-04T08:54:50.123" >
          <step title="WebHooksManager.PublishEventAsync: PostDeployment" date="2025-07-04T08:54:50.128" /><!-- duration: 33ms -->
        </step><!-- duration: 43ms -->
        <step title="Error occurred" date="2025-07-04T08:54:50.172" type="error" text="
/opt/Kudu/Scripts/starter.sh &quot;/home/site/deployments/tools/deploy.sh&quot;" stackTrace="   at Kudu.Core.Infrastructure.Executable.ExecuteInternal(ITracer tracer, Func`2 onWriteOutput, Func`2 onWriteError, CancellationToken token, Encoding encoding, String arguments, Object[] args) in /tmp/KuduLite/Kudu.Core/Infrastructure/Executable.cs:line 239
   at Kudu.Core.Infrastructure.Executable.ExecuteWithProgressWriter(ILogger logger, ITracer tracer, CancellationToken token, String arguments, Object[] args) in /tmp/KuduLite/Kudu.Core/Infrastructure/Executable.cs:line 118
   at Kudu.Core.Deployment.Generator.ExternalCommandBuilder.RunCommand(DeploymentContext context, String command, Boolean ignoreManifest, CancellationToken token, String message) in /tmp/KuduLite/Kudu.Core/Deployment/Generator/ExternalCommandBuilder.cs:line 122
   at Kudu.Core.Deployment.Generator.GeneratorSiteBuilder.Build(DeploymentContext context, CancellationToken token) in /tmp/KuduLite/Kudu.Core/Deployment/Generator/GeneratorSiteBuilder.cs:line 84
--- End of stack trace from previous location ---
   at Kudu.Core.Deployment.DeploymentManager.Build(ChangeSet changeSet, ITracer tracer, IDisposable deployStep, IRepository repository, DeploymentInfoBase deploymentInfo, DeploymentAnalytics deploymentAnalytics, Boolean fullBuildByDefault, CancellationToken cancellationToken) in /tmp/KuduLite/Kudu.Core/Deployment/DeploymentManager.cs:line 771
   at Kudu.Core.Deployment.DeploymentManager.Build(ChangeSet changeSet, ITracer tracer, IDisposable deployStep, IRepository repository, DeploymentInfoBase deploymentInfo, DeploymentAnalytics deploymentAnalytics, Boolean fullBuildByDefault, CancellationToken cancellationToken) in /tmp/KuduLite/Kudu.Core/Deployment/DeploymentManager.cs:line 840
   at Kudu.Core.Deployment.DeploymentManager.DeployAsync(IRepository repository, ChangeSet changeSet, String deployer, Boolean clean, DeploymentInfoBase deploymentInfo, Boolean needFileUpdate, Boolean fullBuildByDefault) in /tmp/KuduLite/Kudu.Core/Deployment/DeploymentManager.cs:line 266" /><!-- duration: 6ms -->
        <step title="Marking deployment as failed and cleaning up the temp deployment" date="2025-07-04T08:54:50.242" /><!-- duration: 6ms -->
      </step><!-- duration: 8315ms -->
      <step title="Error occurred" date="2025-07-04T08:54:50.435" type="error" text="One or more errors occurred. (Deployment failed)" stackTrace="   at System.Threading.Tasks.Task.ThrowIfExceptional(Boolean includeTaskCanceledExceptions)
   at System.Threading.Tasks.Task.Wait(Int32 millisecondsTimeout, CancellationToken cancellationToken)
   at System.Threading.Tasks.Task.Wait()
   at Kudu.Core.Deployment.FetchDeploymentManager.&lt;&gt;c__DisplayClass22_1.&lt;PerformBackgroundDeployment&gt;b__3() in /tmp/KuduLite/Kudu.Core/Deployment/FetchDeploymentManager.cs:line 414
   at Kudu.Contracts.Infrastructure.LockExtensions.TryLockOperation(IOperationLock lockObj, Action operation, String operationName, TimeSpan timeout) in /tmp/KuduLite/Kudu.Contracts/Infrastructure/LockExtensions.cs:line 34
   at Kudu.Contracts.Infrastructure.LockExtensions.LockOperation(IOperationLock lockObj, Action operation, String operationName, TimeSpan timeout) in /tmp/KuduLite/Kudu.Contracts/Infrastructure/LockExtensions.cs:line 46
   at Kudu.Core.Deployment.FetchDeploymentManager.&lt;&gt;c__DisplayClass22_0.&lt;PerformBackgroundDeployment&gt;b__1() in /tmp/KuduLite/Kudu.Core/Deployment/FetchDeploymentManager.cs:line 393" innerText="Deployment failed" innerStackTrace="   at Kudu.Core.Deployment.DeploymentManager.DeployAsync(IRepository repository, ChangeSet changeSet, String deployer, Boolean clean, DeploymentInfoBase deploymentInfo, Boolean needFileUpdate, Boolean fullBuildByDefault) in /tmp/KuduLite/Kudu.Core/Deployment/DeploymentManager.cs:line 307
   at Kudu.Core.Deployment.FetchDeploymentManager.PerformDeployment(DeploymentInfoBase deploymentInfo, IDisposable tempDeployment, ChangeSet tempChangeSet, DeployStatusApiResult updateStatusObj) in /tmp/KuduLite/Kudu.Core/Deployment/FetchDeploymentManager.cs:line 230" /><!-- duration: 5ms -->
    </step><!-- duration: 8366ms -->
