<step title="Incoming Request" date="2025-07-06T14:31:48.656" instance="640bf5" url="/api/publish?type=zip" method="POST" type="request" pid="770,1,24" Accept="*/*" Host="mcp-bc-javi-chb7bue4evbkeyb0.scm.westeurope-01.azurewebsites.net" User-Agent="AZURECLI/2.63.0 (MSI)" Accept-Encoding="gzip, deflate" Authorization="Bea..." Cache-Control="no-cache" Content-Type="application/octet-stream" Content-Length="18491" x-ms-client-request-id="ed98b52d-5a75-11f0-a45a-8c1759e0f244" x-ms-artifact-checksum="fc103758077396fbcf46414d2cacef2f689e692e520a3cfc3ceaa8eddb2219b2" X-ARR-LOG-ID="ed98b52d-5a75-11f0-a45a-8c1759e0f244" CLIENT-IP="149.74.208.147:63888" X-SITE-DEPLOYMENT-ID="mcp-bc-javi" WAS-DEFAULT-HOSTNAME="mcp-bc-javi-chb7bue4evbkeyb0.scm.westeurope-01.azurewebsites.net" X-Forwarded-Proto="https" X-AppService-Proto="https" X-Forwarded-TlsVersion="1.3" X-WAWS-Unencoded-URL="/api/publish?type=zip" X-Client-IP="149.74.208.147" X-Client-Port="63888" >
  <step title="Cleanup Xml Logs" date="2025-07-06T14:31:48.663" >
    <step title="Cleanup Infos" date="2025-07-06T14:31:48.680" totalFiles="225" totalCleanup="65" /><!-- duration: 11ms -->
  </step><!-- duration: 33ms -->
  <step title="OneDeploy" date="2025-07-06T14:31:48.805" >
    <step title="Starting PushDeployAsync" date="2025-07-06T14:31:48.820" /><!-- duration: 5ms -->
    <step title="Writing artifact to /tmp/zipdeploy/984b7afd-f040-4c4f-9532-0819c8e8fc88.zip" date="2025-07-06T14:31:48.845" >
      <step title="Writing multipart request body to /tmp/zipdeploy/984b7afd-f040-4c4f-9532-0819c8e8fc88.zip" date="2025-07-06T14:31:48.851" /><!-- duration: 7ms -->
    </step><!-- duration: 65ms -->
    <step title="Attempting to fetch target branch HEAD" date="2025-07-06T14:31:48.927" /><!-- duration: 5ms -->
    <step title="Acquiring Deployment Lock" date="2025-07-06T14:31:48.948" /><!-- duration: 11ms -->
    <step title="Acquired Deployment Lock" date="2025-07-06T14:31:48.996" /><!-- duration: 8ms -->
    <step title="Performing fetch based deployment" date="2025-07-06T14:31:49.018" >
      <step title="Creating temporary deployment" date="2025-07-06T14:31:49.024" /><!-- duration: 113ms -->
      <step title="Releasing Deployment Lock" date="2025-07-06T14:31:50.350" /><!-- duration: 17ms -->
      <step title="Cleaning up temp folders from previous zip deployments and extracting pushed zip file /tmp/zipdeploy/984b7afd-f040-4c4f-9532-0819c8e8fc88.zip (0.02 MB) to /tmp/zipdeploy/extracted" date="2025-07-06T14:31:50.419" >
        <step title="ChmodRecursive Process exited with total time taken in ms: 100" date="2025-07-06T14:31:50.581" /><!-- duration: 18ms -->
      </step><!-- duration: 185ms -->
      <step title="None repository commit" date="2025-07-06T14:31:50.611" >
        <step title="Commit id: b4aa798a-74c9-4ffd-80a5-1e20d1e5e347" date="2025-07-06T14:31:50.622" Message="OneDeploy" AuthorName="N/A" AuthorEmail="N/A" /><!-- duration: 5ms -->
      </step><!-- duration: 21ms -->
      <step title="Deployment timer started" date="2025-07-06T14:31:52.639" >
        <step title="DeploymentManager.Deploy(id:b4aa798a-74c9-4ffd-80a5-1e20d1e5e347)" date="2025-07-06T14:31:52.650" >
          <step title="Collecting changeset information" date="2025-07-06T14:31:52.684" /><!-- duration: 95ms -->
          <step title="Updating submodules" date="2025-07-06T14:31:52.790" /><!-- duration: 1158ms -->
          <step title="Determining deployment builder" date="2025-07-06T14:31:54.182" >
            <step title="Builder is OryxBuilder" date="2025-07-06T14:31:54.206" /><!-- duration: 6ms -->
          </step><!-- duration: 34ms -->
          <step title="PreDeployment: context.CleanOutputPath False" date="2025-07-06T14:31:54.273" >
            <step title="PreDeployment: context.OutputPath /home/site/wwwroot" date="2025-07-06T14:31:54.392" >
              <step title="Building" date="2025-07-06T14:31:54.519" >
                <step title="Executing external process" date="2025-07-06T14:31:54.863" type="process" path="bash" arguments="-c &quot;oryx build /tmp/zipdeploy/extracted -o /home/site/wwwroot --platform python --platform-version 3.12 -p virtualenv_name=antenv --log-file /tmp/build-debug.log  -i /tmp/8ddbc99dabc4d09 --compress-destination-dir | tee /tmp/oryx-build.log ; exit $PIPESTATUS &quot;" /><!-- duration: 82979ms -->
                <step title="Using PythonDeploymentLogParser" date="2025-07-06T14:33:18.225" /><!-- duration: 5ms -->
                <step title="Modified file to trigger a restart of the app container." date="2025-07-06T14:33:19.635" /><!-- duration: 8ms -->
                <step title="Skip function trigger and logicapp sync because function is not enabled." date="2025-07-06T14:33:19.661" /><!-- duration: 7ms -->
                <step title="Purge deployment items" date="2025-07-06T14:33:20.705" >
                  <step title="Remove ace01e7f-, Failed, received at 07/06/2025 14:19:28" date="2025-07-06T14:33:20.776" /><!-- duration: 6ms -->
                  <step title="Remove 33447d31-, Success, received at 07/04/2025 16:52:45" date="2025-07-06T14:33:20.860" /><!-- duration: 6ms -->
                </step><!-- duration: 166ms -->
              </step><!-- duration: 86434ms -->
            </step><!-- duration: 86570ms -->
            <step title="Cleaning up temp files" date="2025-07-06T14:33:20.967" /><!-- duration: 1739ms -->
            <step title="Cleaning up temp files" date="2025-07-06T14:33:22.717" /><!-- duration: 516ms -->
            <step title="Reloading status file with latest updates" date="2025-07-06T14:33:23.279" >
              <step title="WebHooksManager.PublishEventAsync: PostDeployment" date="2025-07-06T14:33:23.293" /><!-- duration: 40ms -->
            </step><!-- duration: 58ms -->
            <step title="Cleaning up temporary deployment - fetch deployment was successful" date="2025-07-06T14:33:23.352" /><!-- duration: 5ms -->
          </step><!-- duration: 89149ms -->
        </step><!-- duration: 90797ms -->
        <step title="Outgoing response" date="2025-07-06T14:33:23.462" type="response" statusCode="200" statusText="OK" /><!-- duration: 5ms -->
      </step><!-- duration: 90833ms -->
