<step title="Incoming Request" date="2025-07-04T09:14:09.004" instance="70a632" url="/api/zipdeploy?isAsync=true" method="POST" type="request" pid="768,1,19" Accept="*/*" Host="mcp-bc-javi-chb7bue4evbkeyb0.scm.westeurope-01.azurewebsites.net" User-Agent="AZURECLI/2.63.0 (MSI)" Accept-Encoding="gzip, deflate" Authorization="Bea..." Cache-Control="no-cache" Content-Type="application/octet-stream" Content-Length="17870" x-ms-client-request-id="3a6a54c2-58b7-11f0-81af-8c1759e0f244" x-ms-artifact-checksum="47b3bbc2ddfc2e838d03e5aaee1ed39a83513f052ef53c33801d958c9792b972" X-ARR-LOG-ID="3a6a54c2-58b7-11f0-81af-8c1759e0f244" CLIENT-IP="62.37.212.68:2397" X-SITE-DEPLOYMENT-ID="mcp-bc-javi" WAS-DEFAULT-HOSTNAME="mcp-bc-javi-chb7bue4evbkeyb0.scm.westeurope-01.azurewebsites.net" X-Forwarded-Proto="https" X-AppService-Proto="https" X-Forwarded-TlsVersion="1.3" X-WAWS-Unencoded-URL="/api/zipdeploy?isAsync=true" X-Client-IP="62.37.212.68" X-Client-Port="2397" >
  <step title="Cleanup Xml Logs" date="2025-07-04T09:14:09.010" /><!-- duration: 10ms -->
  <step title="ZipPushDeploy" date="2025-07-04T09:14:09.040" >
    <step title="ZipDeploy. Extract zip." date="2025-07-04T09:14:09.054" /><!-- duration: 5ms -->
    <step title="Starting PushDeployAsync" date="2025-07-04T09:14:09.071" /><!-- duration: 6ms -->
    <step title="Writing artifact to /tmp/zipdeploy/20d64826-680e-47f7-8801-25a7ffd7ee1d.zip" date="2025-07-04T09:14:09.091" >
      <step title="Writing multipart request body to /tmp/zipdeploy/20d64826-680e-47f7-8801-25a7ffd7ee1d.zip" date="2025-07-04T09:14:09.099" /><!-- duration: 14ms -->
    </step><!-- duration: 40ms -->
    <step title="Start deployment in the background" date="2025-07-04T09:14:09.152" >
      <step title="Acquiring Deployment Lock" date="2025-07-04T09:14:09.180" /><!-- duration: 5ms -->
      <step title="Acquired Deployment Lock" date="2025-07-04T09:14:09.227" /><!-- duration: 6ms -->
    </step><!-- duration: 204ms -->
  </step><!-- duration: 325ms -->
  <step title="Outgoing response" date="2025-07-04T09:14:09.371" type="response" statusCode="202" statusText="Accepted" /><!-- duration: 5ms -->
</step><!-- duration: 377ms -->
