<step title="Incoming Request" date="2025-07-04T09:47:04.599" instance="70a632" url="/api/zipdeploy?isAsync=true" method="POST" type="request" pid="768,1,24" Accept="*/*" Host="mcp-bc-javi-chb7bue4evbkeyb0.scm.westeurope-01.azurewebsites.net" User-Agent="AZURECLI/2.63.0 (MSI)" Accept-Encoding="gzip, deflate" Authorization="Bea..." Cache-Control="no-cache" Content-Type="application/octet-stream" Content-Length="49325" x-ms-client-request-id="d45ee016-58bb-11f0-ac14-8c1759e0f244" x-ms-artifact-checksum="6348e6ba5899696b69994aa4e73edc252bdd22147a4fd18910d57cfe0827cd08" X-ARR-LOG-ID="d45ee016-58bb-11f0-ac14-8c1759e0f244" CLIENT-IP="62.37.212.68:2371" X-SITE-DEPLOYMENT-ID="mcp-bc-javi" WAS-DEFAULT-HOSTNAME="mcp-bc-javi-chb7bue4evbkeyb0.scm.westeurope-01.azurewebsites.net" X-Forwarded-Proto="https" X-AppService-Proto="https" X-Forwarded-TlsVersion="1.3" X-WAWS-Unencoded-URL="/api/zipdeploy?isAsync=true" X-Client-IP="62.37.212.68" X-Client-Port="2371" >
  <step title="Cleanup Xml Logs" date="2025-07-04T09:47:04.605" /><!-- duration: 12ms -->
  <step title="ZipPushDeploy" date="2025-07-04T09:47:04.734" >
    <step title="ZipDeploy. Extract zip. Remote build." date="2025-07-04T09:47:04.749" /><!-- duration: 5ms -->
    <step title="None repository commit" date="2025-07-04T09:47:04.780" >
      <step title="Commit id: 4fa25858-fc31-41d2-83d6-651795f47ce8" date="2025-07-04T09:47:04.787" Message="N/A" AuthorName="N/A" AuthorEmail="N/A" /><!-- duration: 5ms -->
    </step><!-- duration: 34ms -->
    <step title="Starting PushDeployAsync" date="2025-07-04T09:47:04.822" /><!-- duration: 6ms -->
    <step title="Writing artifact to /tmp/zipdeploy/b60345a4-6720-4ed6-a353-d5b4629756e9.zip" date="2025-07-04T09:47:04.864" >
      <step title="Writing multipart request body to /tmp/zipdeploy/b60345a4-6720-4ed6-a353-d5b4629756e9.zip" date="2025-07-04T09:47:04.871" /><!-- duration: 6ms -->
    </step><!-- duration: 99ms -->
    <step title="Removing previous build artifact&apos;s manifest file" date="2025-07-04T09:47:04.973" >
      <step title="Start deployment in the background" date="2025-07-04T09:47:04.996" >
        <step title="Acquiring Deployment Lock" date="2025-07-04T09:47:05.016" /><!-- duration: 7ms -->
        <step title="Acquired Deployment Lock" date="2025-07-04T09:47:05.149" /><!-- duration: 7ms -->
      </step><!-- duration: 318ms -->
    </step><!-- duration: 353ms -->
    <step title="Outgoing response" date="2025-07-04T09:47:05.341" type="response" statusCode="202" statusText="Accepted" /><!-- duration: 5ms -->
  </step><!-- duration: 618ms -->
