<step title="Incoming Request" date="2025-07-06T14:58:53.899" instance="640bf5" url="/api/publish?type=zip" method="POST" type="request" pid="770,1,25" Accept="*/*" Host="mcp-bc-javi-chb7bue4evbkeyb0.scm.westeurope-01.azurewebsites.net" User-Agent="AZURECLI/2.63.0 (MSI)" Accept-Encoding="gzip, deflate" Authorization="Bea..." Cache-Control="no-cache" Content-Type="application/octet-stream" Content-Length="23416" x-ms-client-request-id="b8daf77e-5a79-11f0-8c63-8c1759e0f244" x-ms-artifact-checksum="de07d3cb854f5d8a14bb4d4d3c5802560ff3dc9e613e1f0e1a531ca2cb5117f4" X-ARR-LOG-ID="b8daf77e-5a79-11f0-8c63-8c1759e0f244" CLIENT-IP="149.74.208.147:64413" X-SITE-DEPLOYMENT-ID="mcp-bc-javi" WAS-DEFAULT-HOSTNAME="mcp-bc-javi-chb7bue4evbkeyb0.scm.westeurope-01.azurewebsites.net" X-Forwarded-Proto="https" X-AppService-Proto="https" X-Forwarded-TlsVersion="1.3" X-WAWS-Unencoded-URL="/api/publish?type=zip" X-Client-IP="149.74.208.147" X-Client-Port="64413" >
  <step title="Cleanup Xml Logs" date="2025-07-06T14:58:53.921" >
    <step title="Cleanup Infos" date="2025-07-06T14:58:53.940" totalFiles="229" totalCleanup="69" /><!-- duration: 5ms -->
  </step><!-- duration: 29ms -->
  <step title="OneDeploy" date="2025-07-06T14:58:53.965" >
    <step title="Starting PushDeployAsync" date="2025-07-06T14:58:53.979" /><!-- duration: 17ms -->
    <step title="Writing artifact to /tmp/zipdeploy/b98cc3cd-2dd7-40c2-b462-b5a64c6500b5.zip" date="2025-07-06T14:58:54.067" >
      <step title="Writing multipart request body to /tmp/zipdeploy/b98cc3cd-2dd7-40c2-b462-b5a64c6500b5.zip" date="2025-07-06T14:58:54.078" /><!-- duration: 19ms -->
    </step><!-- duration: 71ms -->
    <step title="Removing previous build artifact&apos;s manifest file" date="2025-07-06T14:58:54.159" >
      <step title="Attempting to fetch target branch HEAD" date="2025-07-06T14:58:54.194" /><!-- duration: 5ms -->
      <step title="Acquiring Deployment Lock" date="2025-07-06T14:58:54.205" /><!-- duration: 5ms -->
      <step title="Acquired Deployment Lock" date="2025-07-06T14:58:54.245" /><!-- duration: 7ms -->
      <step title="Performing fetch based deployment" date="2025-07-06T14:58:54.271" >
        <step title="Creating temporary deployment" date="2025-07-06T14:58:54.283" /><!-- duration: 73ms -->
        <step title="Releasing Deployment Lock" date="2025-07-06T14:58:55.509" /><!-- duration: 12ms -->
        <step title="Cleaning up temp folders from previous zip deployments and extracting pushed zip file /tmp/zipdeploy/b98cc3cd-2dd7-40c2-b462-b5a64c6500b5.zip (0.02 MB) to /tmp/zipdeploy/extracted" date="2025-07-06T14:58:55.593" >
          <step title="ChmodRecursive Process exited with total time taken in ms: 160" date="2025-07-06T14:58:55.822" /><!-- duration: 11ms -->
        </step><!-- duration: 289ms -->
        <step title="None repository commit" date="2025-07-06T14:58:55.904" >
          <step title="Commit id: 34552465-d030-41fb-bc2e-abd1fd96c6d3" date="2025-07-06T14:58:55.932" Message="OneDeploy" AuthorName="N/A" AuthorEmail="N/A" /><!-- duration: 12ms -->
        </step><!-- duration: 44ms -->
        <step title="Deployment timer started" date="2025-07-06T14:58:57.955" >
          <step title="DeploymentManager.Deploy(id:34552465-d030-41fb-bc2e-abd1fd96c6d3)" date="2025-07-06T14:58:57.966" >
            <step title="Collecting changeset information" date="2025-07-06T14:58:58.036" /><!-- duration: 124ms -->
            <step title="Updating submodules" date="2025-07-06T14:58:58.170" /><!-- duration: 1129ms -->
            <step title="Determining deployment builder" date="2025-07-06T14:58:59.571" >
              <step title="Builder is OryxBuilder" date="2025-07-06T14:58:59.592" /><!-- duration: 5ms -->
            </step><!-- duration: 32ms -->
            <step title="PreDeployment: context.CleanOutputPath False" date="2025-07-06T14:58:59.651" >
              <step title="PreDeployment: context.OutputPath /home/site/wwwroot" date="2025-07-06T14:58:59.773" >
                <step title="Building" date="2025-07-06T14:58:59.959" >
                  <step title="Executing external process" date="2025-07-06T14:59:00.318" type="process" path="bash" arguments="-c &quot;oryx build /tmp/zipdeploy/extracted -o /home/site/wwwroot --platform python --platform-version 3.12 -p virtualenv_name=antenv --log-file /tmp/build-debug.log  -i /tmp/8ddbc9da38a0967 --compress-destination-dir | tee /tmp/oryx-build.log ; exit $PIPESTATUS &quot;" /><!-- duration: 81529ms -->
                  <step title="Using PythonDeploymentLogParser" date="2025-07-06T15:00:22.356" /><!-- duration: 5ms -->
                  <step title="Modified file to trigger a restart of the app container." date="2025-07-06T15:00:23.599" /><!-- duration: 7ms -->
                  <step title="Skip function trigger and logicapp sync because function is not enabled." date="2025-07-06T15:00:23.612" /><!-- duration: 6ms -->
                  <step title="Purge deployment items" date="2025-07-06T15:00:24.663" >
                    <step title="Remove 8680a0e0-, Success, received at 07/05/2025 14:31:26" date="2025-07-06T15:00:24.749" /><!-- duration: 5ms -->
                  </step><!-- duration: 96ms -->
                </step><!-- duration: 84870ms -->
              </step><!-- duration: 85066ms -->
              <step title="Cleaning up temp files" date="2025-07-06T15:00:24.844" /><!-- duration: 2122ms -->
              <step title="Cleaning up temp files" date="2025-07-06T15:00:26.980" /><!-- duration: 518ms -->
              <step title="Reloading status file with latest updates" date="2025-07-06T15:00:27.547" >
                <step title="WebHooksManager.PublishEventAsync: PostDeployment" date="2025-07-06T15:00:27.553" /><!-- duration: 44ms -->
              </step><!-- duration: 54ms -->
              <step title="Cleaning up temporary deployment - fetch deployment was successful" date="2025-07-06T15:00:27.611" /><!-- duration: 5ms -->
            </step><!-- duration: 88055ms -->
          </step><!-- duration: 89749ms -->
          <step title="Outgoing response" date="2025-07-06T15:00:27.722" type="response" statusCode="200" statusText="OK" /><!-- duration: 5ms -->
        </step><!-- duration: 89776ms -->
