<step title="BackgroundTrace" date="2025-07-05T14:45:08.185" instance="640bf5" url="/api/zipdeploy" method="POST" >
  <step title="Cleanup Xml Logs" date="2025-07-05T14:45:08.196" /><!-- duration: 19ms -->
  <step title="Creating temporary deployment - FetchDeploymentManager" date="2025-07-05T14:45:08.310" /><!-- duration: 6ms -->
  <step title="Creating temporary deployment" date="2025-07-05T14:45:08.327" /><!-- duration: 86ms -->
  <step title="Performing fetch based deployment" date="2025-07-05T14:45:08.484" >
    <step title="Cleaning up temp folders from previous zip deployments and extracting pushed zip file /tmp/zipdeploy/0ccef5f2-4170-49ca-9c3f-07a1e54e470d.zip (5.65 MB) to /tmp/zipdeploy/extracted" date="2025-07-05T14:45:10.387" >
      <step title="ChmodRecursive Process exited with total time taken in ms: 301" date="2025-07-05T14:45:12.269" /><!-- duration: 30ms -->
    </step><!-- duration: 1933ms -->
    <step title="Deployment timer started" date="2025-07-05T14:45:14.401" >
      <step title="DeploymentManager.Deploy(id:9d57333c-e009-456e-a9ba-84df1652f726)" date="2025-07-05T14:45:14.417" >
        <step title="Collecting changeset information" date="2025-07-05T14:45:14.494" /><!-- duration: 403ms -->
        <step title="Updating submodules" date="2025-07-05T14:45:14.910" /><!-- duration: 1162ms -->
        <step title="Determining deployment builder" date="2025-07-05T14:45:16.326" >
          <step title="Builder is OryxBuilder" date="2025-07-05T14:45:16.396" /><!-- duration: 9ms -->
        </step><!-- duration: 100ms -->
        <step title="PreDeployment: context.CleanOutputPath False" date="2025-07-05T14:45:16.560" >
          <step title="PreDeployment: context.OutputPath /home/site/wwwroot" date="2025-07-05T14:45:16.711" >
            <step title="Building" date="2025-07-05T14:45:16.882" >
              <step title="Executing external process" date="2025-07-05T14:45:17.284" type="process" path="bash" arguments="-c &quot;oryx build /tmp/zipdeploy/extracted -o /home/site/wwwroot --platform python --platform-version 3.11 -p virtualenv_name=antenv --log-file /tmp/build-debug.log  -i /tmp/8ddbbd28e7a7337 --compress-destination-dir | tee /tmp/oryx-build.log ; exit $PIPESTATUS &quot;" /><!-- duration: 183930ms -->
              <step title="Using PythonDeploymentLogParser" date="2025-07-05T14:48:21.944" /><!-- duration: 10ms -->
              <step title="Triggering recycle (preview mode disabled)." date="2025-07-05T14:48:23.245" /><!-- duration: 15ms -->
              <step title="Modified file to trigger a restart of the app container." date="2025-07-05T14:48:23.319" /><!-- duration: 12ms -->
              <step title="Skip function trigger and logicapp sync because function is not enabled." date="2025-07-05T14:48:23.363" /><!-- duration: 14ms -->
              <step title="Purge deployment items" date="2025-07-05T14:48:24.467" >
                <step title="Remove b9ed083f-, Success, received at 07/04/2025 09:23:22" date="2025-07-05T14:48:24.538" /><!-- duration: 5ms -->
              </step><!-- duration: 83ms -->
            </step><!-- duration: 187735ms -->
          </step><!-- duration: 187918ms -->
          <step title="Cleaning up temp files" date="2025-07-05T14:48:24.635" /><!-- duration: 1981ms -->
          <step title="Cleaning up temp files" date="2025-07-05T14:48:26.637" /><!-- duration: 523ms -->
          <step title="Reloading status file with latest updates" date="2025-07-05T14:48:27.210" >
            <step title="WebHooksManager.PublishEventAsync: PostDeployment" date="2025-07-05T14:48:27.220" /><!-- duration: 144ms -->
          </step><!-- duration: 164ms -->
          <step title="Cleaning up temporary deployment - fetch deployment was successful" date="2025-07-05T14:48:27.390" /><!-- duration: 5ms -->
        </step><!-- duration: 190913ms -->
      </step><!-- duration: 193096ms -->
