<step title="Incoming Request" date="2025-07-05T14:31:19.091" instance="640bf5" url="/api/zipdeploy?author=ms-azuretools-vscode&amp;deployer=ms-azuretools-vscode&amp;isAsync=true&amp;trackDeploymentId=true" method="POST" type="request" pid="768,1,36" Host="mcp-bc-javi-chb7bue4evbkeyb0.scm.westeurope-01.azurewebsites.net" User-Agent="vscode-azureappservice/0.26.2 core-rest-pipeline/1.20.0 Node/22.15.1 OS/(x64-Windows_NT-10.0.26100)" Accept-Encoding="gzip,deflate" Accept-Language="en" Authorization="Bea..." Transfer-Encoding="chunked" x-ms-correlation-request-id="a8dc1058-98ee-4b03-a8b5-a9f32b811564" x-ms-client-request-id="1b4c77db-ffc3-4295-9244-0362b6f57f6b" X-ARR-LOG-ID="1b4c77db-ffc3-4295-9244-0362b6f57f6b" CLIENT-IP="149.74.208.147:59022" X-SITE-DEPLOYMENT-ID="mcp-bc-javi" WAS-DEFAULT-HOSTNAME="mcp-bc-javi-chb7bue4evbkeyb0.scm.westeurope-01.azurewebsites.net" X-Forwarded-Proto="https" X-AppService-Proto="https" X-Forwarded-TlsVersion="1.3" X-WAWS-Unencoded-URL="/api/zipdeploy?author=ms-azuretools-vscode&amp;deployer=ms-azuretools-vscode&amp;isAsync=true&amp;trackDeploymentId=true" X-Client-IP="149.74.208.147" X-Client-Port="59022" >
  <step title="Cleanup Xml Logs" date="2025-07-05T14:31:19.130" /><!-- duration: 18ms -->
  <step title="ZipPushDeploy" date="2025-07-05T14:31:20.859" >
    <step title="ZipDeploy. Extract zip. Remote build." date="2025-07-05T14:31:20.883" /><!-- duration: 7ms -->
    <step title="None repository commit" date="2025-07-05T14:31:20.929" >
      <step title="Commit id: 8680a0e0-4764-4c24-91c8-3ef52caee307" date="2025-07-05T14:31:20.941" Message="N/A" AuthorName="N/A" AuthorEmail="N/A" /><!-- duration: 10ms -->
    </step><!-- duration: 41ms -->
    <step title="Starting PushDeployAsync" date="2025-07-05T14:31:20.989" /><!-- duration: 20ms -->
    <step title="Writing artifact to /tmp/zipdeploy/73359b5d-a2e0-42e6-9753-90ea80501438.zip" date="2025-07-05T14:31:21.169" >
      <step title="Writing multipart request body to /tmp/zipdeploy/73359b5d-a2e0-42e6-9753-90ea80501438.zip" date="2025-07-05T14:31:21.222" /><!-- duration: 18ms -->
    </step><!-- duration: 294ms -->
    <step title="Removing previous build artifact&apos;s manifest file" date="2025-07-05T14:31:21.510" >
      <step title="Start deployment in the background" date="2025-07-05T14:31:21.592" >
        <step title="Acquiring Deployment Lock" date="2025-07-05T14:31:21.658" /><!-- duration: 5ms -->
        <step title="Acquired Deployment Lock" date="2025-07-05T14:31:21.773" /><!-- duration: 5ms -->
      </step><!-- duration: 360ms -->
    </step><!-- duration: 473ms -->
    <step title="Outgoing response" date="2025-07-05T14:31:22.039" type="response" statusCode="202" statusText="Accepted" /><!-- duration: 5ms -->
  </step><!-- duration: 1190ms -->
