<step title="BackgroundTrace" date="2025-07-05T15:45:05.050" instance="640bf5" url="/api/zipdeploy" method="POST" >
  <step title="Creating temporary deployment - FetchDeploymentManager" date="2025-07-05T15:45:05.240" /><!-- duration: 5ms -->
  <step title="Creating temporary deployment" date="2025-07-05T15:45:05.255" /><!-- duration: 126ms -->
  <step title="Performing fetch based deployment" date="2025-07-05T15:45:05.452" >
    <step title="Cleaning up temp folders from previous zip deployments and extracting pushed zip file /tmp/zipdeploy/214bb7b0-af6b-4815-a423-20b2ad5b00cd.zip (0.01 MB) to /tmp/zipdeploy/extracted" date="2025-07-05T15:45:06.656" >
      <step title="ChmodRecursive Process exited with total time taken in ms: 65" date="2025-07-05T15:45:06.806" /><!-- duration: 18ms -->
    </step><!-- duration: 180ms -->
    <step title="Deployment timer started" date="2025-07-05T15:45:08.881" >
      <step title="DeploymentManager.Deploy(id:d9cca527-dd11-4fac-a410-1229e72042a5)" date="2025-07-05T15:45:08.901" >
        <step title="Collecting changeset information" date="2025-07-05T15:45:09.013" /><!-- duration: 186ms -->
        <step title="Updating submodules" date="2025-07-05T15:45:09.231" /><!-- duration: 1129ms -->
        <step title="Determining deployment builder" date="2025-07-05T15:45:10.625" >
          <step title="Builder is OryxBuilder" date="2025-07-05T15:45:10.675" /><!-- duration: 11ms -->
        </step><!-- duration: 67ms -->
        <step title="PreDeployment: context.CleanOutputPath False" date="2025-07-05T15:45:10.745" >
          <step title="PreDeployment: context.OutputPath /home/site/wwwroot" date="2025-07-05T15:45:10.887" >
            <step title="Building" date="2025-07-05T15:45:11.036" >
              <step title="Executing external process" date="2025-07-05T15:45:11.511" type="process" path="bash" arguments="-c &quot;oryx build /tmp/zipdeploy/extracted -o /home/site/wwwroot --platform python --platform-version 3.11 -p virtualenv_name=antenv --log-file /tmp/build-debug.log  -i /tmp/8ddbbdaecd29bdd --compress-destination-dir | tee /tmp/oryx-build.log ; exit $PIPESTATUS &quot;" /><!-- duration: 91895ms -->
              <step title="Using PythonDeploymentLogParser" date="2025-07-05T15:46:43.828" /><!-- duration: 5ms -->
              <step title="Triggering recycle (preview mode disabled)." date="2025-07-05T15:46:45.141" /><!-- duration: 52ms -->
              <step title="Modified file to trigger a restart of the app container." date="2025-07-05T15:46:45.362" /><!-- duration: 12ms -->
              <step title="Skip function trigger and logicapp sync because function is not enabled." date="2025-07-05T15:46:45.407" /><!-- duration: 37ms -->
              <step title="Purge deployment items" date="2025-07-05T15:46:46.988" >
                <step title="Remove dd034b41-, Success, received at 07/04/2025 12:57:34" date="2025-07-05T15:46:47.062" /><!-- duration: 5ms -->
              </step><!-- duration: 85ms -->
            </step><!-- duration: 96133ms -->
          </step><!-- duration: 96292ms -->
          <step title="Cleaning up temp files" date="2025-07-05T15:46:47.184" /><!-- duration: 1827ms -->
          <step title="Cleaning up temp files" date="2025-07-05T15:46:49.041" /><!-- duration: 540ms -->
          <step title="Reloading status file with latest updates" date="2025-07-05T15:46:49.620" >
            <step title="WebHooksManager.PublishEventAsync: PostDeployment" date="2025-07-05T15:46:49.648" /><!-- duration: 90ms -->
          </step><!-- duration: 124ms -->
          <step title="Cleaning up temporary deployment - fetch deployment was successful" date="2025-07-05T15:46:49.754" /><!-- duration: 8ms -->
        </step><!-- duration: 99081ms -->
      </step><!-- duration: 100951ms -->
