<step title="BackgroundTrace" date="2025-07-04T09:47:05.003" instance="70a632" url="/api/zipdeploy" method="POST" >
  <step title="Creating temporary deployment - FetchDeploymentManager" date="2025-07-04T09:47:05.163" /><!-- duration: 18ms -->
  <step title="Creating temporary deployment" date="2025-07-04T09:47:05.187" /><!-- duration: 120ms -->
  <step title="Performing fetch based deployment" date="2025-07-04T09:47:05.367" >
    <step title="Cleaning up temp folders from previous zip deployments and extracting pushed zip file /tmp/zipdeploy/b60345a4-6720-4ed6-a353-d5b4629756e9.zip (0.05 MB) to /tmp/zipdeploy/extracted" date="2025-07-04T09:47:06.637" >
      <step title="ChmodRecursive Process exited with total time taken in ms: 205" date="2025-07-04T09:47:07.036" /><!-- duration: 6ms -->
    </step><!-- duration: 411ms -->
    <step title="Deployment timer started" date="2025-07-04T09:47:09.369" >
      <step title="DeploymentManager.Deploy(id:4fa25858-fc31-41d2-83d6-651795f47ce8)" date="2025-07-04T09:47:09.399" >
        <step title="Collecting changeset information" date="2025-07-04T09:47:09.471" /><!-- duration: 273ms -->
        <step title="Updating submodules" date="2025-07-04T09:47:09.767" /><!-- duration: 1280ms -->
        <step title="Determining deployment builder" date="2025-07-04T09:47:12.281" >
          <step title="Builder is OryxBuilder" date="2025-07-04T09:47:12.858" /><!-- duration: 25ms -->
        </step><!-- duration: 672ms -->
        <step title="PreDeployment: context.CleanOutputPath False" date="2025-07-04T09:47:13.071" >
          <step title="PreDeployment: context.OutputPath /home/site/wwwroot" date="2025-07-04T09:47:13.398" >
            <step title="Building" date="2025-07-04T09:47:13.754" >
              <step title="Executing external process" date="2025-07-04T09:47:20.909" type="process" path="bash" arguments="-c &quot;oryx build /tmp/zipdeploy/extracted -o /home/site/wwwroot --platform python --platform-version 3.11 -p virtualenv_name=antenv --log-file /tmp/build-debug.log  -i /tmp/8ddbadfc0b0bbd7 --compress-destination-dir | tee /tmp/oryx-build.log ; exit $PIPESTATUS &quot;" /><!-- duration: 95615ms -->
              <step title="Using PythonDeploymentLogParser" date="2025-07-04T09:48:57.318" /><!-- duration: 16ms -->
              <step title="Triggering recycle (preview mode disabled)." date="2025-07-04T09:48:59.385" /><!-- duration: 15ms -->
              <step title="Modified file to trigger a restart of the app container." date="2025-07-04T09:48:59.431" /><!-- duration: 5ms -->
              <step title="Skip function trigger and logicapp sync because function is not enabled." date="2025-07-04T09:48:59.451" /><!-- duration: 7ms -->
            </step><!-- duration: 106581ms -->
          </step><!-- duration: 106945ms -->
          <step title="Cleaning up temp files" date="2025-07-04T09:49:00.348" /><!-- duration: 1856ms -->
          <step title="Cleaning up temp files" date="2025-07-04T09:49:02.215" /><!-- duration: 728ms -->
          <step title="Reloading status file with latest updates" date="2025-07-04T09:49:02.992" >
            <step title="WebHooksManager.PublishEventAsync: PostDeployment" date="2025-07-04T09:49:02.998" /><!-- duration: 54ms -->
          </step><!-- duration: 65ms -->
          <step title="Cleaning up temporary deployment - fetch deployment was successful" date="2025-07-04T09:49:03.068" /><!-- duration: 8ms -->
        </step><!-- duration: 110069ms -->
      </step><!-- duration: 113770ms -->
