<step title="Incoming Request" date="2025-07-04T09:56:33.066" instance="70a632" url="/api/zipdeploy?isAsync=true" method="POST" type="request" pid="768,1,16" Accept="*/*" Host="mcp-bc-javi-chb7bue4evbkeyb0.scm.westeurope-01.azurewebsites.net" User-Agent="AZURECLI/2.63.0 (MSI)" Accept-Encoding="gzip, deflate" Authorization="Bea..." Cache-Control="no-cache" Content-Type="application/octet-stream" Content-Length="49325" x-ms-client-request-id="2899d28a-58bd-11f0-bd0a-8c1759e0f244" x-ms-artifact-checksum="6348e6ba5899696b69994aa4e73edc252bdd22147a4fd18910d57cfe0827cd08" X-ARR-LOG-ID="2899d28a-58bd-11f0-bd0a-8c1759e0f244" CLIENT-IP="62.37.212.68:26689" X-SITE-DEPLOYMENT-ID="mcp-bc-javi" WAS-DEFAULT-HOSTNAME="mcp-bc-javi-chb7bue4evbkeyb0.scm.westeurope-01.azurewebsites.net" X-Forwarded-Proto="https" X-AppService-Proto="https" X-Forwarded-TlsVersion="1.3" X-WAWS-Unencoded-URL="/api/zipdeploy?isAsync=true" X-Client-IP="62.37.212.68" X-Client-Port="26689" >
  <step title="ZipPushDeploy" date="2025-07-04T09:56:33.098" >
    <step title="ZipDeploy. Extract zip. Remote build." date="2025-07-04T09:56:33.121" /><!-- duration: 6ms -->
    <step title="Starting PushDeployAsync" date="2025-07-04T09:56:33.139" /><!-- duration: 7ms -->
    <step title="Writing artifact to /tmp/zipdeploy/f32dafd2-87de-4a6f-9a6a-a9eab7d3460f.zip" date="2025-07-04T09:56:33.160" >
      <step title="Writing multipart request body to /tmp/zipdeploy/f32dafd2-87de-4a6f-9a6a-a9eab7d3460f.zip" date="2025-07-04T09:56:33.165" /><!-- duration: 5ms -->
    </step><!-- duration: 303ms -->
    <step title="Removing previous build artifact&apos;s manifest file" date="2025-07-04T09:56:33.475" >
      <step title="Start deployment in the background" date="2025-07-04T09:56:33.499" >
        <step title="Acquiring Deployment Lock" date="2025-07-04T09:56:33.531" /><!-- duration: 5ms -->
        <step title="Acquired Deployment Lock" date="2025-07-04T09:56:33.603" /><!-- duration: 5ms -->
      </step><!-- duration: 234ms -->
    </step><!-- duration: 269ms -->
    <step title="Outgoing response" date="2025-07-04T09:56:33.750" type="response" statusCode="202" statusText="Accepted" /><!-- duration: 6ms -->
  </step><!-- duration: 665ms -->
