<step title="Incoming Request" date="2025-07-06T18:35:02.986" instance="640bf5" url="/api/publish?type=zip" method="POST" type="request" pid="767,1,22" Accept="*/*" Host="mcp-bc-javi-chb7bue4evbkeyb0.scm.westeurope-01.azurewebsites.net" User-Agent="AZURECLI/2.63.0 (MSI)" Accept-Encoding="gzip, deflate" Authorization="Bea..." Cache-Control="no-cache" Content-Type="application/octet-stream" Content-Length="25771" x-ms-client-request-id="ea693801-5a97-11f0-8d7a-8c1759e0f244" x-ms-artifact-checksum="a93243fd827334ee9eab6db6a5d6b1cc2b913a3e85eb998ccaf52f9699ee4a2d" X-ARR-LOG-ID="ea693801-5a97-11f0-8d7a-8c1759e0f244" CLIENT-IP="149.74.208.147:65449" X-SITE-DEPLOYMENT-ID="mcp-bc-javi" WAS-DEFAULT-HOSTNAME="mcp-bc-javi-chb7bue4evbkeyb0.scm.westeurope-01.azurewebsites.net" X-Forwarded-Proto="https" X-AppService-Proto="https" X-Forwarded-TlsVersion="1.3" X-WAWS-Unencoded-URL="/api/publish?type=zip" X-Client-IP="149.74.208.147" X-Client-Port="65449" >
  <step title="Cleanup Xml Logs" date="2025-07-06T18:35:02.998" >
    <step title="Cleanup Infos" date="2025-07-06T18:35:03.018" totalFiles="252" totalCleanup="92" /><!-- duration: 15ms -->
  </step><!-- duration: 42ms -->
  <step title="OneDeploy" date="2025-07-06T18:35:03.132" >
    <step title="Starting PushDeployAsync" date="2025-07-06T18:35:03.155" /><!-- duration: 5ms -->
    <step title="Writing artifact to /tmp/zipdeploy/476a07a2-0c9f-47c3-a858-f611557a0719.zip" date="2025-07-06T18:35:03.177" >
      <step title="Writing multipart request body to /tmp/zipdeploy/476a07a2-0c9f-47c3-a858-f611557a0719.zip" date="2025-07-06T18:35:03.183" /><!-- duration: 13ms -->
    </step><!-- duration: 79ms -->
    <step title="Removing previous build artifact&apos;s manifest file" date="2025-07-06T18:35:03.268" >
      <step title="Attempting to fetch target branch HEAD" date="2025-07-06T18:35:03.295" /><!-- duration: 5ms -->
      <step title="Acquiring Deployment Lock" date="2025-07-06T18:35:03.310" /><!-- duration: 8ms -->
      <step title="Acquired Deployment Lock" date="2025-07-06T18:35:03.366" /><!-- duration: 6ms -->
      <step title="Performing fetch based deployment" date="2025-07-06T18:35:03.384" >
        <step title="Creating temporary deployment" date="2025-07-06T18:35:03.389" /><!-- duration: 120ms -->
        <step title="Releasing Deployment Lock" date="2025-07-06T18:35:04.681" /><!-- duration: 14ms -->
        <step title="Cleaning up temp folders from previous zip deployments and extracting pushed zip file /tmp/zipdeploy/476a07a2-0c9f-47c3-a858-f611557a0719.zip (0.02 MB) to /tmp/zipdeploy/extracted" date="2025-07-06T18:35:04.827" >
          <step title="ChmodRecursive Process exited with total time taken in ms: 68" date="2025-07-06T18:35:04.975" /><!-- duration: 11ms -->
        </step><!-- duration: 167ms -->
        <step title="None repository commit" date="2025-07-06T18:35:05.006" >
          <step title="Commit id: 519b410d-37f6-4743-a808-616460c486e4" date="2025-07-06T18:35:05.011" Message="OneDeploy" AuthorName="N/A" AuthorEmail="N/A" /><!-- duration: 5ms -->
        </step><!-- duration: 15ms -->
        <step title="Deployment timer started" date="2025-07-06T18:35:07.036" >
          <step title="DeploymentManager.Deploy(id:519b410d-37f6-4743-a808-616460c486e4)" date="2025-07-06T18:35:07.048" >
            <step title="Collecting changeset information" date="2025-07-06T18:35:07.084" /><!-- duration: 140ms -->
            <step title="Updating submodules" date="2025-07-06T18:35:07.255" /><!-- duration: 1235ms -->
            <step title="Determining deployment builder" date="2025-07-06T18:35:08.714" >
              <step title="Builder is OryxBuilder" date="2025-07-06T18:35:08.756" /><!-- duration: 11ms -->
            </step><!-- duration: 82ms -->
            <step title="PreDeployment: context.CleanOutputPath False" date="2025-07-06T18:35:08.853" >
              <step title="PreDeployment: context.OutputPath /home/site/wwwroot" date="2025-07-06T18:35:09.099" >
                <step title="Building" date="2025-07-06T18:35:09.324" >
                  <step title="Executing external process" date="2025-07-06T18:35:09.755" type="process" path="bash" arguments="-c &quot;oryx build /tmp/zipdeploy/extracted -o /home/site/wwwroot --platform python --platform-version 3.12 -p virtualenv_name=antenv --log-file /tmp/build-debug.log  -i /tmp/8ddbcbbd5c88fac --compress-destination-dir | tee /tmp/oryx-build.log ; exit $PIPESTATUS &quot;" /><!-- duration: 83029ms -->
                  <step title="Using PythonDeploymentLogParser" date="2025-07-06T18:36:33.180" /><!-- duration: 5ms -->
                  <step title="Modified file to trigger a restart of the app container." date="2025-07-06T18:36:34.460" /><!-- duration: 7ms -->
                  <step title="Skip function trigger and logicapp sync because function is not enabled." date="2025-07-06T18:36:34.475" /><!-- duration: 5ms -->
                  <step title="Purge deployment items" date="2025-07-06T18:36:35.824" >
                    <step title="Remove 35f7a2c2-, Success, received at 07/05/2025 15:18:32" date="2025-07-06T18:36:35.930" /><!-- duration: 5ms -->
                  </step><!-- duration: 126ms -->
                </step><!-- duration: 86705ms -->
              </step><!-- duration: 86940ms -->
              <step title="Cleaning up temp files" date="2025-07-06T18:36:36.049" /><!-- duration: 2061ms -->
              <step title="Cleaning up temp files" date="2025-07-06T18:36:38.148" /><!-- duration: 516ms -->
              <step title="Reloading status file with latest updates" date="2025-07-06T18:36:38.736" >
                <step title="WebHooksManager.PublishEventAsync: PostDeployment" date="2025-07-06T18:36:38.746" /><!-- duration: 60ms -->
              </step><!-- duration: 80ms -->
              <step title="Cleaning up temporary deployment - fetch deployment was successful" date="2025-07-06T18:36:38.845" /><!-- duration: 11ms -->
            </step><!-- duration: 90084ms -->
          </step><!-- duration: 91919ms -->
          <step title="Outgoing response" date="2025-07-06T18:36:39.049" type="response" statusCode="200" statusText="OK" /><!-- duration: 10ms -->
        </step><!-- duration: 92033ms -->
