<step title="Incoming Request" date="2025-07-06T15:34:49.173" instance="640bf5" url="/api/publish?type=zip" method="POST" type="request" pid="767,1,16" Accept="*/*" Host="mcp-bc-javi-chb7bue4evbkeyb0.scm.westeurope-01.azurewebsites.net" User-Agent="AZURECLI/2.63.0 (MSI)" Accept-Encoding="gzip, deflate" Authorization="Bea..." Cache-Control="no-cache" Content-Type="application/octet-stream" Content-Length="25851" x-ms-client-request-id="bbf29fff-5a7e-11f0-bf8a-8c1759e0f244" x-ms-artifact-checksum="ad418999c456bce202b013a58197158422a7957f73a91b6d3b5a27986178766d" X-ARR-LOG-ID="bbf29fff-5a7e-11f0-bf8a-8c1759e0f244" CLIENT-IP="149.74.208.147:64968" X-SITE-DEPLOYMENT-ID="mcp-bc-javi" WAS-DEFAULT-HOSTNAME="mcp-bc-javi-chb7bue4evbkeyb0.scm.westeurope-01.azurewebsites.net" X-Forwarded-Proto="https" X-AppService-Proto="https" X-Forwarded-TlsVersion="1.3" X-WAWS-Unencoded-URL="/api/publish?type=zip" X-Client-IP="149.74.208.147" X-Client-Port="64968" >
  <step title="Cleanup Xml Logs" date="2025-07-06T15:34:49.180" >
    <step title="Cleanup Infos" date="2025-07-06T15:34:49.201" totalFiles="243" totalCleanup="83" /><!-- duration: 5ms -->
  </step><!-- duration: 31ms -->
  <step title="OneDeploy" date="2025-07-06T15:34:49.327" >
    <step title="None repository commit" date="2025-07-06T15:34:49.348" >
      <step title="Commit id: fa5ec4c8-ac63-4dc7-bfa1-bf86ec956aa3" date="2025-07-06T15:34:49.354" Message="N/A" AuthorName="N/A" AuthorEmail="N/A" /><!-- duration: 6ms -->
    </step><!-- duration: 17ms -->
    <step title="Starting PushDeployAsync" date="2025-07-06T15:34:49.370" /><!-- duration: 6ms -->
    <step title="Writing artifact to /tmp/zipdeploy/9a221806-55c7-4060-8be2-d13b01c6743e.zip" date="2025-07-06T15:34:49.406" >
      <step title="Writing multipart request body to /tmp/zipdeploy/9a221806-55c7-4060-8be2-d13b01c6743e.zip" date="2025-07-06T15:34:49.420" /><!-- duration: 6ms -->
    </step><!-- duration: 160ms -->
    <step title="Removing previous build artifact&apos;s manifest file" date="2025-07-06T15:34:49.581" >
      <step title="Attempting to fetch target branch HEAD" date="2025-07-06T15:34:49.617" /><!-- duration: 5ms -->
      <step title="Acquiring Deployment Lock" date="2025-07-06T15:34:49.639" /><!-- duration: 9ms -->
      <step title="Acquired Deployment Lock" date="2025-07-06T15:34:49.751" /><!-- duration: 11ms -->
      <step title="Performing fetch based deployment" date="2025-07-06T15:34:49.779" >
        <step title="Creating temporary deployment" date="2025-07-06T15:34:49.785" /><!-- duration: 81ms -->
        <step title="Releasing Deployment Lock" date="2025-07-06T15:34:51.063" /><!-- duration: 15ms -->
        <step title="Cleaning up temp folders from previous zip deployments and extracting pushed zip file /tmp/zipdeploy/9a221806-55c7-4060-8be2-d13b01c6743e.zip (0.02 MB) to /tmp/zipdeploy/extracted" date="2025-07-06T15:34:51.137" >
          <step title="ChmodRecursive Process exited with total time taken in ms: 79" date="2025-07-06T15:34:51.290" /><!-- duration: 21ms -->
        </step><!-- duration: 184ms -->
        <step title="None repository commit" date="2025-07-06T15:34:51.332" >
          <step title="Commit id: fa5ec4c8-ac63-4dc7-bfa1-bf86ec956aa3" date="2025-07-06T15:34:51.338" Message="OneDeploy" AuthorName="N/A" AuthorEmail="N/A" /><!-- duration: 5ms -->
        </step><!-- duration: 16ms -->
        <step title="Deployment timer started" date="2025-07-06T15:34:53.383" >
          <step title="DeploymentManager.Deploy(id:fa5ec4c8-ac63-4dc7-bfa1-bf86ec956aa3)" date="2025-07-06T15:34:53.393" >
            <step title="Collecting changeset information" date="2025-07-06T15:34:53.426" /><!-- duration: 144ms -->
            <step title="Updating submodules" date="2025-07-06T15:34:53.603" /><!-- duration: 1158ms -->
            <step title="Determining deployment builder" date="2025-07-06T15:34:54.983" >
              <step title="Builder is OryxBuilder" date="2025-07-06T15:34:55.013" /><!-- duration: 5ms -->
            </step><!-- duration: 40ms -->
            <step title="PreDeployment: context.CleanOutputPath False" date="2025-07-06T15:34:55.080" >
              <step title="PreDeployment: context.OutputPath /home/site/wwwroot" date="2025-07-06T15:34:55.300" >
                <step title="Building" date="2025-07-06T15:34:55.471" >
                  <step title="Executing external process" date="2025-07-06T15:34:55.937" type="process" path="bash" arguments="-c &quot;oryx build /tmp/zipdeploy/extracted -o /home/site/wwwroot --platform python --platform-version 3.12 -p virtualenv_name=antenv --log-file /tmp/build-debug.log  -i /tmp/8ddbca2a8458322 --compress-destination-dir | tee /tmp/oryx-build.log ; exit $PIPESTATUS &quot;" /><!-- duration: 113945ms -->
                  <step title="Using PythonDeploymentLogParser" date="2025-07-06T15:36:50.352" /><!-- duration: 5ms -->
                  <step title="Modified file to trigger a restart of the app container." date="2025-07-06T15:36:51.644" /><!-- duration: 7ms -->
                  <step title="Skip function trigger and logicapp sync because function is not enabled." date="2025-07-06T15:36:51.679" /><!-- duration: 7ms -->
                  <step title="Purge deployment items" date="2025-07-06T15:36:52.698" >
                    <step title="Remove 6992b0c0-, Success, received at 07/05/2025 15:13:50" date="2025-07-06T15:36:52.780" /><!-- duration: 6ms -->
                  </step><!-- duration: 93ms -->
                </step><!-- duration: 117386ms -->
              </step><!-- duration: 117565ms -->
              <step title="Cleaning up temp files" date="2025-07-06T15:36:52.871" /><!-- duration: 2084ms -->
              <step title="Cleaning up temp files" date="2025-07-06T15:36:54.966" /><!-- duration: 520ms -->
              <step title="Reloading status file with latest updates" date="2025-07-06T15:36:55.536" >
                <step title="WebHooksManager.PublishEventAsync: PostDeployment" date="2025-07-06T15:36:55.546" /><!-- duration: 91ms -->
              </step><!-- duration: 105ms -->
              <step title="Cleaning up temporary deployment - fetch deployment was successful" date="2025-07-06T15:36:55.653" /><!-- duration: 5ms -->
            </step><!-- duration: 120645ms -->
          </step><!-- duration: 122350ms -->
          <step title="Outgoing response" date="2025-07-06T15:36:55.768" type="response" statusCode="200" statusText="OK" /><!-- duration: 5ms -->
        </step><!-- duration: 122395ms -->
