<step title="BackgroundTrace" date="2025-07-05T15:13:46.603" instance="640bf5" url="/api/zipdeploy" method="POST" >
  <step title="Creating temporary deployment - FetchDeploymentManager" date="2025-07-05T15:13:46.701" /><!-- duration: 10ms -->
  <step title="Creating temporary deployment" date="2025-07-05T15:13:46.734" /><!-- duration: 74ms -->
  <step title="Performing fetch based deployment" date="2025-07-05T15:13:46.860" >
    <step title="Cleaning up temp folders from previous zip deployments and extracting pushed zip file /tmp/zipdeploy/da5ad339-9ff1-4b8a-a220-b93c290be70a.zip (0.01 MB) to /tmp/zipdeploy/extracted" date="2025-07-05T15:13:48.031" >
      <step title="ChmodRecursive Process exited with total time taken in ms: 80" date="2025-07-05T15:13:48.304" /><!-- duration: 9ms -->
    </step><!-- duration: 288ms -->
    <step title="Deployment timer started" date="2025-07-05T15:13:50.341" >
      <step title="DeploymentManager.Deploy(id:6992b0c0-7482-49ee-849a-2c61a4899aef)" date="2025-07-05T15:13:50.351" >
        <step title="Collecting changeset information" date="2025-07-05T15:13:50.432" /><!-- duration: 119ms -->
        <step title="Updating submodules" date="2025-07-05T15:13:50.561" /><!-- duration: 1126ms -->
        <step title="Determining deployment builder" date="2025-07-05T15:13:52.120" >
          <step title="Builder is OryxBuilder" date="2025-07-05T15:13:52.151" /><!-- duration: 5ms -->
        </step><!-- duration: 41ms -->
        <step title="PreDeployment: context.CleanOutputPath False" date="2025-07-05T15:13:52.273" >
          <step title="PreDeployment: context.OutputPath /home/site/wwwroot" date="2025-07-05T15:13:52.402" >
            <step title="Building" date="2025-07-05T15:13:52.554" >
              <step title="Executing external process" date="2025-07-05T15:13:52.911" type="process" path="bash" arguments="-c &quot;oryx build /tmp/zipdeploy/extracted -o /home/site/wwwroot --platform python --platform-version 3.11 -p virtualenv_name=antenv --log-file /tmp/build-debug.log  -i /tmp/8ddbbd68d251c8e --compress-destination-dir | tee /tmp/oryx-build.log ; exit $PIPESTATUS &quot;" /><!-- duration: 58399ms -->
              <step title="Using PythonDeploymentLogParser" date="2025-07-05T15:14:51.711" /><!-- duration: 10ms -->
              <step title="Triggering recycle (preview mode disabled)." date="2025-07-05T15:14:53.437" /><!-- duration: 8ms -->
              <step title="Modified file to trigger a restart of the app container." date="2025-07-05T15:14:53.498" /><!-- duration: 6ms -->
              <step title="Skip function trigger and logicapp sync because function is not enabled." date="2025-07-05T15:14:53.514" /><!-- duration: 29ms -->
              <step title="Purge deployment items" date="2025-07-05T15:14:54.727" >
                <step title="Remove 5cf04a44-, Success, received at 07/04/2025 09:56:37" date="2025-07-05T15:14:54.787" /><!-- duration: 6ms -->
              </step><!-- duration: 72ms -->
            </step><!-- duration: 62321ms -->
          </step><!-- duration: 62481ms -->
          <step title="Cleaning up temp files" date="2025-07-05T15:14:54.889" /><!-- duration: 1836ms -->
          <step title="Cleaning up temp files" date="2025-07-05T15:14:56.730" /><!-- duration: 511ms -->
          <step title="Reloading status file with latest updates" date="2025-07-05T15:14:57.287" >
            <step title="WebHooksManager.PublishEventAsync: PostDeployment" date="2025-07-05T15:14:57.294" /><!-- duration: 61ms -->
          </step><!-- duration: 72ms -->
          <step title="Cleaning up temporary deployment - fetch deployment was successful" date="2025-07-05T15:14:57.379" /><!-- duration: 11ms -->
        </step><!-- duration: 65242ms -->
      </step><!-- duration: 67187ms -->
