<step title="BackgroundTrace" date="2025-07-04T09:23:18.423" instance="70a632" url="/api/zipdeploy" method="POST" >
  <step title="Creating temporary deployment - FetchDeploymentManager" date="2025-07-04T09:23:18.532" /><!-- duration: 6ms -->
  <step title="Creating temporary deployment" date="2025-07-04T09:23:18.546" /><!-- duration: 86ms -->
  <step title="Performing fetch based deployment" date="2025-07-04T09:23:18.677" >
    <step title="Cleaning up temp folders from previous zip deployments and extracting pushed zip file /tmp/zipdeploy/61528340-3f1a-4a7c-bc8f-f268752d535b.zip (0.05 MB) to /tmp/zipdeploy/extracted" date="2025-07-04T09:23:19.910" >
      <step title="ChmodRecursive Process exited with total time taken in ms: 30" date="2025-07-04T09:23:20.326" /><!-- duration: 5ms -->
    </step><!-- duration: 426ms -->
    <step title="Deployment timer started" date="2025-07-04T09:23:22.351" >
      <step title="DeploymentManager.Deploy(id:b9ed083f-8a6f-4fc7-82cf-86b62ea197e2)" date="2025-07-04T09:23:22.368" >
        <step title="Collecting changeset information" date="2025-07-04T09:23:22.392" /><!-- duration: 167ms -->
        <step title="Updating submodules" date="2025-07-04T09:23:22.569" /><!-- duration: 1217ms -->
        <step title="Determining deployment builder" date="2025-07-04T09:23:24.610" >
          <step title="Builder is OryxBuilder" date="2025-07-04T09:23:24.635" /><!-- duration: 9ms -->
        </step><!-- duration: 61ms -->
        <step title="PreDeployment: context.CleanOutputPath False" date="2025-07-04T09:23:24.980" >
          <step title="PreDeployment: context.OutputPath /home/site/wwwroot" date="2025-07-04T09:23:25.116" >
            <step title="Building" date="2025-07-04T09:23:25.247" >
              <step title="Executing external process" date="2025-07-04T09:23:25.604" type="process" path="bash" arguments="-c &quot;oryx build /tmp/zipdeploy/extracted -o /home/site/wwwroot --platform python --platform-version 3.11 -p virtualenv_name=antenv --log-file /tmp/build-debug.log  -i /tmp/8ddbadc6d5b88d6 --compress-destination-dir | tee /tmp/oryx-build.log ; exit $PIPESTATUS &quot;" /><!-- duration: 22343ms -->
              <step title="Using PythonDeploymentLogParser" date="2025-07-04T09:23:48.497" /><!-- duration: 9ms -->
              <step title="Triggering recycle (preview mode disabled)." date="2025-07-04T09:23:49.782" /><!-- duration: 16ms -->
              <step title="Modified file to trigger a restart of the app container." date="2025-07-04T09:23:49.830" /><!-- duration: 5ms -->
              <step title="Skip function trigger and logicapp sync because function is not enabled." date="2025-07-04T09:23:49.842" /><!-- duration: 5ms -->
            </step><!-- duration: 25347ms -->
          </step><!-- duration: 25485ms -->
          <step title="Cleaning up temp files" date="2025-07-04T09:23:50.606" /><!-- duration: 1805ms -->
          <step title="Cleaning up temp files" date="2025-07-04T09:23:52.423" /><!-- duration: 518ms -->
          <step title="Reloading status file with latest updates" date="2025-07-04T09:23:52.984" >
            <step title="WebHooksManager.PublishEventAsync: PostDeployment" date="2025-07-04T09:23:52.989" /><!-- duration: 102ms -->
          </step><!-- duration: 112ms -->
          <step title="Cleaning up temporary deployment - fetch deployment was successful" date="2025-07-04T09:23:53.112" /><!-- duration: 5ms -->
        </step><!-- duration: 28199ms -->
      </step><!-- duration: 30844ms -->
