<step title="Incoming Request" date="2025-07-04T09:11:54.434" instance="70a632" url="/api/zipdeploy?isAsync=true" method="POST" type="request" pid="768,1,5" Accept="*/*" Host="mcp-bc-javi-chb7bue4evbkeyb0.scm.westeurope-01.azurewebsites.net" User-Agent="AZURECLI/2.63.0 (MSI)" Accept-Encoding="gzip, deflate" Authorization="Bea..." Cache-Control="no-cache" Content-Type="application/octet-stream" Content-Length="17870" x-ms-client-request-id="e97c96ff-58b6-11f0-b746-8c1759e0f244" x-ms-artifact-checksum="47b3bbc2ddfc2e838d03e5aaee1ed39a83513f052ef53c33801d958c9792b972" X-ARR-LOG-ID="e97c96ff-58b6-11f0-b746-8c1759e0f244" CLIENT-IP="62.37.212.68:47688" X-SITE-DEPLOYMENT-ID="mcp-bc-javi" WAS-DEFAULT-HOSTNAME="mcp-bc-javi-chb7bue4evbkeyb0.scm.westeurope-01.azurewebsites.net" X-Forwarded-Proto="https" X-AppService-Proto="https" X-Forwarded-TlsVersion="1.3" X-WAWS-Unencoded-URL="/api/zipdeploy?isAsync=true" X-Client-IP="62.37.212.68" X-Client-Port="47688" >
  <step title="ZipPushDeploy" date="2025-07-04T09:11:54.626" >
    <step title="ZipDeploy. Extract zip." date="2025-07-04T09:11:54.646" /><!-- duration: 6ms -->
    <step title="None repository commit" date="2025-07-04T09:11:54.664" >
      <step title="Commit id: 15b8ac2c-848b-407b-897a-a5b058b4329f" date="2025-07-04T09:11:54.669" Message="N/A" AuthorName="N/A" AuthorEmail="N/A" /><!-- duration: 5ms -->
    </step><!-- duration: 15ms -->
    <step title="Starting PushDeployAsync" date="2025-07-04T09:11:54.684" /><!-- duration: 5ms -->
    <step title="Writing artifact to /tmp/zipdeploy/1faa717c-cba3-4fef-8d1a-028fb42ae011.zip" date="2025-07-04T09:11:54.708" >
      <step title="Writing multipart request body to /tmp/zipdeploy/1faa717c-cba3-4fef-8d1a-028fb42ae011.zip" date="2025-07-04T09:11:54.715" /><!-- duration: 6ms -->
    </step><!-- duration: 34ms -->
    <step title="Start deployment in the background" date="2025-07-04T09:11:54.763" >
      <step title="Acquiring Deployment Lock" date="2025-07-04T09:11:54.815" /><!-- duration: 5ms -->
      <step title="Acquired Deployment Lock" date="2025-07-04T09:11:54.890" /><!-- duration: 5ms -->
    </step><!-- duration: 256ms -->
  </step><!-- duration: 401ms -->
  <step title="Outgoing response" date="2025-07-04T09:11:55.037" type="response" statusCode="202" statusText="Accepted" /><!-- duration: 6ms -->
</step><!-- duration: 614ms -->
