<step title="Incoming Request" date="2025-07-06T14:19:38.189" instance="640bf5" url="/api/deployments/latest" method="GET" type="request" pid="770,1,20" Host="mcp-bc-javi-chb7bue4evbkeyb0.scm.westeurope-01.azurewebsites.net" User-Agent="vscode-azureappservice/0.26.2 core-rest-pipeline/1.20.0 Node/22.15.1 OS/(x64-Windows_NT-10.0.26100)" Accept-Encoding="gzip,deflate" Accept-Language="en" Authorization="Bea..." x-ms-correlation-request-id="7d57bcbb-3687-42a0-a780-d165cf0fc063" x-ms-client-request-id="29a24749-2a6f-464f-bc31-3eaf4363ef2a" X-ARR-LOG-ID="29a24749-2a6f-464f-bc31-3eaf4363ef2a" CLIENT-IP="149.74.208.147:63659" X-SITE-DEPLOYMENT-ID="mcp-bc-javi" WAS-DEFAULT-HOSTNAME="mcp-bc-javi-chb7bue4evbkeyb0.scm.westeurope-01.azurewebsites.net" X-Forwarded-Proto="https" X-AppService-Proto="https" X-Forwarded-TlsVersion="1.3" X-WAWS-Unencoded-URL="/api/deployments/latest" X-Client-IP="149.74.208.147" X-Client-Port="63659" >
  <step title="Cleanup Xml Logs" date="2025-07-06T14:19:38.208" >
    <step title="Cleanup Infos" date="2025-07-06T14:19:38.335" totalFiles="224" totalCleanup="64" /><!-- duration: 13ms -->
  </step><!-- duration: 151ms -->
  <step title="DeploymentService.GetResult" date="2025-07-06T14:19:38.394" >
    <step title="DeploymentService.GetLatestDeployment" date="2025-07-06T14:19:38.413" >
      <step title="DeploymentManager.GetResults" date="2025-07-06T14:19:38.420" /><!-- duration: 825ms -->
    </step><!-- duration: 882ms -->
  </step><!-- duration: 921ms -->
  <step title="Outgoing response" date="2025-07-06T14:19:39.357" type="response" statusCode="202" statusText="Accepted" /><!-- duration: 57ms -->
</step><!-- duration: 1258ms -->
