<step title="Incoming Request" date="2025-07-04T09:23:18.219" instance="70a632" url="/api/zipdeploy?isAsync=true" method="POST" type="request" pid="768,1,23" Accept="*/*" Host="mcp-bc-javi-chb7bue4evbkeyb0.scm.westeurope-01.azurewebsites.net" User-Agent="AZURECLI/2.63.0 (MSI)" Accept-Encoding="gzip, deflate" Authorization="Bea..." Cache-Control="no-cache" Content-Type="application/octet-stream" Content-Length="49325" x-ms-client-request-id="82dfc3b0-58b8-11f0-87eb-8c1759e0f244" x-ms-artifact-checksum="6348e6ba5899696b69994aa4e73edc252bdd22147a4fd18910d57cfe0827cd08" X-ARR-LOG-ID="82dfc3b0-58b8-11f0-87eb-8c1759e0f244" CLIENT-IP="62.37.212.68:63486" X-SITE-DEPLOYMENT-ID="mcp-bc-javi" WAS-DEFAULT-HOSTNAME="mcp-bc-javi-chb7bue4evbkeyb0.scm.westeurope-01.azurewebsites.net" X-Forwarded-Proto="https" X-AppService-Proto="https" X-Forwarded-TlsVersion="1.3" X-WAWS-Unencoded-URL="/api/zipdeploy?isAsync=true" X-Client-IP="62.37.212.68" X-Client-Port="63486" >
  <step title="Cleanup Xml Logs" date="2025-07-04T09:23:18.224" /><!-- duration: 14ms -->
  <step title="ZipPushDeploy" date="2025-07-04T09:23:18.275" >
    <step title="ZipDeploy. Extract zip. Remote build." date="2025-07-04T09:23:18.289" /><!-- duration: 5ms -->
    <step title="Starting PushDeployAsync" date="2025-07-04T09:23:18.302" /><!-- duration: 6ms -->
    <step title="Writing artifact to /tmp/zipdeploy/61528340-3f1a-4a7c-bc8f-f268752d535b.zip" date="2025-07-04T09:23:18.333" >
      <step title="Writing multipart request body to /tmp/zipdeploy/61528340-3f1a-4a7c-bc8f-f268752d535b.zip" date="2025-07-04T09:23:18.338" /><!-- duration: 6ms -->
    </step><!-- duration: 57ms -->
    <step title="Removing previous build artifact&apos;s manifest file" date="2025-07-04T09:23:18.399" >
      <step title="Start deployment in the background" date="2025-07-04T09:23:18.417" >
        <step title="Acquiring Deployment Lock" date="2025-07-04T09:23:18.437" /><!-- duration: 14ms -->
        <step title="Acquired Deployment Lock" date="2025-07-04T09:23:18.519" /><!-- duration: 7ms -->
      </step><!-- duration: 221ms -->
    </step><!-- duration: 247ms -->
    <step title="Outgoing response" date="2025-07-04T09:23:18.652" type="response" statusCode="202" statusText="Accepted" /><!-- duration: 5ms -->
  </step><!-- duration: 388ms -->
