<step title="Incoming Request" date="2025-07-05T16:47:10.882" instance="640bf5" url="/api/publish?type=zip" method="POST" type="request" pid="768,1,20" Accept="*/*" Host="mcp-bc-javi-chb7bue4evbkeyb0.scm.westeurope-01.azurewebsites.net" User-Agent="AZURECLI/2.63.0 (MSI)" Accept-Encoding="gzip, deflate" Authorization="Bea..." Cache-Control="no-cache" Content-Type="application/octet-stream" Content-Length="15589" x-ms-client-request-id="afe379c2-59bf-11f0-bad7-8c1759e0f244" x-ms-artifact-checksum="d7ee30476da6170a3450be685f2970b2601a266bdc450e9f74abdb1605fa351d" X-ARR-LOG-ID="afe379c2-59bf-11f0-bad7-8c1759e0f244" CLIENT-IP="149.74.208.147:61538" X-SITE-DEPLOYMENT-ID="mcp-bc-javi" WAS-DEFAULT-HOSTNAME="mcp-bc-javi-chb7bue4evbkeyb0.scm.westeurope-01.azurewebsites.net" X-Forwarded-Proto="https" X-AppService-Proto="https" X-Forwarded-TlsVersion="1.3" X-WAWS-Unencoded-URL="/api/publish?type=zip" X-Client-IP="149.74.208.147" X-Client-Port="61538" >
  <step title="Cleanup Xml Logs" date="2025-07-05T16:47:10.931" >
    <step title="Cleanup Infos" date="2025-07-05T16:47:10.971" totalFiles="205" totalCleanup="45" /><!-- duration: 12ms -->
  </step><!-- duration: 63ms -->
  <step title="OneDeploy" date="2025-07-05T16:47:11.382" >
    <step title="Starting PushDeployAsync" date="2025-07-05T16:47:11.462" /><!-- duration: 19ms -->
    <step title="Writing artifact to /tmp/zipdeploy/0285aac2-2ad0-46c5-a5b7-efc0e7288921.zip" date="2025-07-05T16:47:11.612" >
      <step title="Writing multipart request body to /tmp/zipdeploy/0285aac2-2ad0-46c5-a5b7-efc0e7288921.zip" date="2025-07-05T16:47:11.624" /><!-- duration: 29ms -->
    </step><!-- duration: 173ms -->
    <step title="Removing previous build artifact&apos;s manifest file" date="2025-07-05T16:47:11.812" >
      <step title="Attempting to fetch target branch HEAD" date="2025-07-05T16:47:11.893" /><!-- duration: 32ms -->
      <step title="Acquiring Deployment Lock" date="2025-07-05T16:47:11.964" /><!-- duration: 20ms -->
      <step title="Acquired Deployment Lock" date="2025-07-05T16:47:12.105" /><!-- duration: 11ms -->
      <step title="Performing fetch based deployment" date="2025-07-05T16:47:12.215" >
        <step title="Creating temporary deployment" date="2025-07-05T16:47:12.247" /><!-- duration: 321ms -->
        <step title="Releasing Deployment Lock" date="2025-07-05T16:47:13.919" /><!-- duration: 30ms -->
        <step title="Cleaning up temp folders from previous zip deployments and extracting pushed zip file /tmp/zipdeploy/0285aac2-2ad0-46c5-a5b7-efc0e7288921.zip (0.01 MB) to /tmp/zipdeploy/extracted" date="2025-07-05T16:47:14.088" >
          <step title="ChmodRecursive Process exited with total time taken in ms: 209" date="2025-07-05T16:47:14.439" /><!-- duration: 20ms -->
        </step><!-- duration: 384ms -->
        <step title="None repository commit" date="2025-07-05T16:47:14.490" >
          <step title="Commit id: e7daf6ba-59b8-4290-b555-0b610b3d7309" date="2025-07-05T16:47:14.519" Message="OneDeploy" AuthorName="N/A" AuthorEmail="N/A" /><!-- duration: 12ms -->
        </step><!-- duration: 60ms -->
        <step title="Deployment timer started" date="2025-07-05T16:47:16.562" >
          <step title="DeploymentManager.Deploy(id:e7daf6ba-59b8-4290-b555-0b610b3d7309)" date="2025-07-05T16:47:16.591" >
            <step title="Collecting changeset information" date="2025-07-05T16:47:16.672" /><!-- duration: 214ms -->
            <step title="Updating submodules" date="2025-07-05T16:47:16.915" /><!-- duration: 1293ms -->
            <step title="Determining deployment builder" date="2025-07-05T16:47:18.701" >
              <step title="Builder is OryxBuilder" date="2025-07-05T16:47:18.760" /><!-- duration: 18ms -->
            </step><!-- duration: 118ms -->
            <step title="PreDeployment: context.CleanOutputPath False" date="2025-07-05T16:47:18.939" >
              <step title="PreDeployment: context.OutputPath /home/site/wwwroot" date="2025-07-05T16:47:19.219" >
                <step title="Building" date="2025-07-05T16:47:19.539" >
                  <step title="Executing external process" date="2025-07-05T16:47:20.429" type="process" path="bash" arguments="-c &quot;oryx build /tmp/zipdeploy/extracted -o /home/site/wwwroot --platform python --platform-version 3.11 -p virtualenv_name=antenv --log-file /tmp/build-debug.log  -i /tmp/8ddbbe39af9691a --compress-destination-dir | tee /tmp/oryx-build.log ; exit $PIPESTATUS &quot;" /><!-- duration: 68551ms -->
                  <step title="Using PythonDeploymentLogParser" date="2025-07-05T16:48:29.412" /><!-- duration: 6ms -->
                  <step title="Modified file to trigger a restart of the app container." date="2025-07-05T16:48:30.677" /><!-- duration: 8ms -->
                  <step title="Skip function trigger and logicapp sync because function is not enabled." date="2025-07-05T16:48:30.691" /><!-- duration: 5ms -->
                  <step title="Purge deployment items" date="2025-07-05T16:48:31.863" >
                    <step title="Remove a0644d81-, Success, received at 07/04/2025 16:46:53" date="2025-07-05T16:48:31.924" /><!-- duration: 5ms -->
                  </step><!-- duration: 71ms -->
                </step><!-- duration: 72470ms -->
              </step><!-- duration: 72804ms -->
              <step title="Cleaning up temp files" date="2025-07-05T16:48:32.035" /><!-- duration: 1914ms -->
              <step title="Cleaning up temp files" date="2025-07-05T16:48:33.955" /><!-- duration: 509ms -->
              <step title="Reloading status file with latest updates" date="2025-07-05T16:48:34.503" >
                <step title="WebHooksManager.PublishEventAsync: PostDeployment" date="2025-07-05T16:48:34.509" /><!-- duration: 40ms -->
              </step><!-- duration: 54ms -->
              <step title="Cleaning up temporary deployment - fetch deployment was successful" date="2025-07-05T16:48:34.567" /><!-- duration: 5ms -->
            </step><!-- duration: 75710ms -->
          </step><!-- duration: 78066ms -->
          <step title="Outgoing response" date="2025-07-05T16:48:34.669" type="response" statusCode="200" statusText="OK" /><!-- duration: 6ms -->
        </step><!-- duration: 78119ms -->
