<step title="Incoming Request" date="2025-07-04T09:20:17.602" instance="70a632" url="/api/publish?async=true&amp;deployer=GITHUB_ONE_DEPLOY&amp;type=zip&amp;message=%7B%22type%22%3A%22deployment%22%2C%22sha%22%3A%22ad7e113dea8999b878a1b5414c568e283cddf0d8%22%2C%22repoName%22%3A%22javiarmesto%2FLab3_1_MCP_BusinessCentral%22%2C%22actor%22%3A%22javiarmesto%22%2C%22slotName%22%3A%22Production%22%2C%22commitMessage%22%3A%22Add%20or%20update%20the%20Azure%20App%20Service%20build%20and%20deployment%20workflow%20config%22%7D" method="POST" type="request" pid="768,1,17" Host="mcp-bc-javi-chb7bue4evbkeyb0.scm.westeurope-01.azurewebsites.net" User-Agent="GITHUBACTIONS_DeployWebAppToAzure_b14b61adcb774cbc28964787d737d22b050aab9447d69f5c1555cc36c8ee53c8" Authorization="Bea..." Content-Type="application/octet-stream" Cookie="ARRAffinity=70a6321dac2b4bcfc3bfffda197e2311aa927c9893ffb320f2bd3af4ba6673e0;Path=/;HttpOnly;Secure;Domain=mcp-bc-javi-chb7bue4evbkeyb0.scm.westeurope-01.azurewebsites.net; ARRAffinitySameSite=70a6321dac2b4bcfc3bfffda197e2311aa927c9893ffb320f2bd3af4ba6673e0;Path=/;HttpOnly;SameSite=None;Secure;Domain=mcp-bc-javi-chb7bue4evbkeyb0.scm.westeurope-01.azurewebsites.net" Transfer-Encoding="chunked" X-ARR-LOG-ID="ac35d185-16a7-41dc-b37b-cf7ea9fe1fdd" CLIENT-IP="13.88.13.98:1024" X-SITE-DEPLOYMENT-ID="mcp-bc-javi" WAS-DEFAULT-HOSTNAME="mcp-bc-javi-chb7bue4evbkeyb0.scm.westeurope-01.azurewebsites.net" X-Forwarded-Proto="https" X-AppService-Proto="https" X-Forwarded-TlsVersion="1.3" X-WAWS-Unencoded-URL="/api/publish?async=true&amp;deployer=GITHUB_ONE_DEPLOY&amp;type=zip&amp;message=%7B%22type%22%3A%22deployment%22%2C%22sha%22%3A%22ad7e113dea8999b878a1b5414c568e283cddf0d8%22%2C%22repoName%22%3A%22javiarmesto%2FLab3_1_MCP_BusinessCentral%22%2C%22actor%22%3A%22javiarmesto%22%2C%22slotName%22%3A%22Production%22%2C%22commitMessage%22%3A%22Add%20or%20update%20the%20Azure%20App%20Service%20build%20and%20deployment%20workflow%20config%22%7D" X-Client-IP="13.88.13.98" X-Client-Port="1024" >
  <step title="Cleanup Xml Logs" date="2025-07-04T09:20:17.609" /><!-- duration: 10ms -->
  <step title="OneDeploy" date="2025-07-04T09:20:17.642" >
    <step title="None repository commit" date="2025-07-04T09:20:17.670" >
      <step title="Commit id: 70cbd56a-463f-4685-9a5b-1c503b8dd485" date="2025-07-04T09:20:17.689" Message="N/A" AuthorName="N/A" AuthorEmail="N/A" /><!-- duration: 5ms -->
    </step><!-- duration: 32ms -->
    <step title="Starting PushDeployAsync" date="2025-07-04T09:20:17.708" /><!-- duration: 6ms -->
    <step title="Writing artifact to /tmp/zipdeploy/3796514b-c6ac-40f9-8207-1384601de57b.zip" date="2025-07-04T09:20:17.740" >
      <step title="Writing multipart request body to /tmp/zipdeploy/3796514b-c6ac-40f9-8207-1384601de57b.zip" date="2025-07-04T09:20:17.747" /><!-- duration: 6ms -->
    </step><!-- duration: 2531ms -->
    <step title="Start deployment in the background" date="2025-07-04T09:20:20.307" >
      <step title="Acquiring Deployment Lock" date="2025-07-04T09:20:20.358" /><!-- duration: 6ms -->
      <step title="Acquired Deployment Lock" date="2025-07-04T09:20:20.432" /><!-- duration: 6ms -->
    </step><!-- duration: 288ms -->
  </step><!-- duration: 2960ms -->
  <step title="Outgoing response" date="2025-07-04T09:20:20.610" type="response" statusCode="202" statusText="Accepted" /><!-- duration: 6ms -->
</step><!-- duration: 3019ms -->
