<step title="BackgroundTrace" date="2025-07-05T15:18:29.044" instance="640bf5" url="/api/zipdeploy" method="POST" >
  <step title="Creating temporary deployment - FetchDeploymentManager" date="2025-07-05T15:18:29.131" /><!-- duration: 14ms -->
  <step title="Creating temporary deployment" date="2025-07-05T15:18:29.151" /><!-- duration: 77ms -->
  <step title="Performing fetch based deployment" date="2025-07-05T15:18:29.287" >
    <step title="Cleaning up temp folders from previous zip deployments and extracting pushed zip file /tmp/zipdeploy/ab3acc23-ff12-4b37-a67b-1e8e2da944c2.zip (0.01 MB) to /tmp/zipdeploy/extracted" date="2025-07-05T15:18:30.502" >
      <step title="ChmodRecursive Process exited with total time taken in ms: 92" date="2025-07-05T15:18:30.664" /><!-- duration: 11ms -->
    </step><!-- duration: 179ms -->
    <step title="Deployment timer started" date="2025-07-05T15:18:32.706" >
      <step title="DeploymentManager.Deploy(id:35f7a2c2-7f65-4c63-921f-3a14311ad46e)" date="2025-07-05T15:18:32.717" >
        <step title="Collecting changeset information" date="2025-07-05T15:18:32.761" /><!-- duration: 139ms -->
        <step title="Updating submodules" date="2025-07-05T15:18:32.912" /><!-- duration: 1156ms -->
        <step title="Determining deployment builder" date="2025-07-05T15:18:34.702" >
          <step title="Builder is OryxBuilder" date="2025-07-05T15:18:34.782" /><!-- duration: 10ms -->
        </step><!-- duration: 108ms -->
        <step title="PreDeployment: context.CleanOutputPath False" date="2025-07-05T15:18:34.976" >
          <step title="PreDeployment: context.OutputPath /home/site/wwwroot" date="2025-07-05T15:18:35.126" >
            <step title="Building" date="2025-07-05T15:18:35.308" >
              <step title="Executing external process" date="2025-07-05T15:18:35.940" type="process" path="bash" arguments="-c &quot;oryx build /tmp/zipdeploy/extracted -o /home/site/wwwroot --platform python --platform-version 3.11 -p virtualenv_name=antenv --log-file /tmp/build-debug.log  -i /tmp/8ddbbd7359d1fab --compress-destination-dir | tee /tmp/oryx-build.log ; exit $PIPESTATUS &quot;" /><!-- duration: 58623ms -->
              <step title="Using PythonDeploymentLogParser" date="2025-07-05T15:19:35.013" /><!-- duration: 6ms -->
              <step title="Triggering recycle (preview mode disabled)." date="2025-07-05T15:19:36.211" /><!-- duration: 14ms -->
              <step title="Modified file to trigger a restart of the app container." date="2025-07-05T15:19:36.274" /><!-- duration: 5ms -->
              <step title="Skip function trigger and logicapp sync because function is not enabled." date="2025-07-05T15:19:36.286" /><!-- duration: 5ms -->
              <step title="Purge deployment items" date="2025-07-05T15:19:37.336" >
                <step title="Remove d18d8a98-, Success, received at 07/04/2025 10:02:55" date="2025-07-05T15:19:37.393" /><!-- duration: 5ms -->
              </step><!-- duration: 68ms -->
            </step><!-- duration: 62170ms -->
          </step><!-- duration: 62360ms -->
          <step title="Cleaning up temp files" date="2025-07-05T15:19:37.492" /><!-- duration: 1804ms -->
          <step title="Cleaning up temp files" date="2025-07-05T15:19:39.306" /><!-- duration: 515ms -->
          <step title="Reloading status file with latest updates" date="2025-07-05T15:19:39.879" >
            <step title="WebHooksManager.PublishEventAsync: PostDeployment" date="2025-07-05T15:19:39.893" /><!-- duration: 44ms -->
          </step><!-- duration: 64ms -->
          <step title="Cleaning up temporary deployment - fetch deployment was successful" date="2025-07-05T15:19:39.952" /><!-- duration: 5ms -->
        </step><!-- duration: 65038ms -->
      </step><!-- duration: 67322ms -->
