<step title="Incoming Request" date="2025-07-05T14:44:34.574" instance="640bf5" url="/api/zipdeploy?author=ms-azuretools-vscode&amp;deployer=ms-azuretools-vscode&amp;isAsync=true&amp;trackDeploymentId=true" method="POST" type="request" pid="770,1,20" Host="mcp-bc-javi-chb7bue4evbkeyb0.scm.westeurope-01.azurewebsites.net" User-Agent="vscode-azureappservice/0.26.2 core-rest-pipeline/1.20.0 Node/22.15.1 OS/(x64-Windows_NT-10.0.26100)" Accept-Encoding="gzip,deflate" Accept-Language="en" Authorization="Bea..." Transfer-Encoding="chunked" x-ms-correlation-request-id="bc0b22ec-7481-44f5-92dd-a4bfceca4beb" x-ms-client-request-id="7b160dd0-743c-434c-a6b7-5718d7e4c787" X-ARR-LOG-ID="7b160dd0-743c-434c-a6b7-5718d7e4c787" CLIENT-IP="149.74.208.147:59303" X-SITE-DEPLOYMENT-ID="mcp-bc-javi" WAS-DEFAULT-HOSTNAME="mcp-bc-javi-chb7bue4evbkeyb0.scm.westeurope-01.azurewebsites.net" X-Forwarded-Proto="https" X-AppService-Proto="https" X-Forwarded-TlsVersion="1.3" X-WAWS-Unencoded-URL="/api/zipdeploy?author=ms-azuretools-vscode&amp;deployer=ms-azuretools-vscode&amp;isAsync=true&amp;trackDeploymentId=true" X-Client-IP="149.74.208.147" X-Client-Port="59303" >
  <step title="Cleanup Xml Logs" date="2025-07-05T14:44:34.580" /><!-- duration: 19ms -->
  <step title="ZipPushDeploy" date="2025-07-05T14:44:35.786" >
    <step title="ZipDeploy. Extract zip. Remote build." date="2025-07-05T14:44:35.803" /><!-- duration: 5ms -->
    <step title="None repository commit" date="2025-07-05T14:44:35.822" >
      <step title="Commit id: 9d57333c-e009-456e-a9ba-84df1652f726" date="2025-07-05T14:44:35.827" Message="N/A" AuthorName="N/A" AuthorEmail="N/A" /><!-- duration: 5ms -->
    </step><!-- duration: 17ms -->
    <step title="Starting PushDeployAsync" date="2025-07-05T14:44:35.846" /><!-- duration: 5ms -->
    <step title="Writing artifact to /tmp/zipdeploy/0ccef5f2-4170-49ca-9c3f-07a1e54e470d.zip" date="2025-07-05T14:44:35.897" >
      <step title="Writing multipart request body to /tmp/zipdeploy/0ccef5f2-4170-49ca-9c3f-07a1e54e470d.zip" date="2025-07-05T14:44:35.903" /><!-- duration: 8ms -->
    </step><!-- duration: 32219ms -->
    <step title="Removing previous build artifact&apos;s manifest file" date="2025-07-05T14:45:08.141" >
      <step title="Start deployment in the background" date="2025-07-05T14:45:08.175" >
        <step title="Acquiring Deployment Lock" date="2025-07-05T14:45:08.230" /><!-- duration: 12ms -->
        <step title="Acquired Deployment Lock" date="2025-07-05T14:45:08.298" /><!-- duration: 6ms -->
      </step><!-- duration: 246ms -->
    </step><!-- duration: 295ms -->
    <step title="Outgoing response" date="2025-07-05T14:45:08.456" type="response" statusCode="202" statusText="Accepted" /><!-- duration: 6ms -->
  </step><!-- duration: 32682ms -->
