<step title="Incoming Request" date="2025-07-04T08:54:38.297" instance="70a632" url="/api/zipdeploy?isAsync=true" method="POST" type="request" pid="767,1,16" Accept="*/*" Host="mcp-bc-javi-chb7bue4evbkeyb0.scm.westeurope-01.azurewebsites.net" User-Agent="AZURECLI/2.63.0 (MSI)" Accept-Encoding="gzip, deflate" Authorization="Bea..." Cache-Control="no-cache" Content-Type="application/octet-stream" Content-Length="20163" x-ms-client-request-id="81577621-58b4-11f0-a33c-8c1759e0f244" x-ms-artifact-checksum="6e240c09594129afdc67bc3f38a3fa2b406d3244d3e2bc4a416a0623e0344d21" X-ARR-LOG-ID="81577621-58b4-11f0-a33c-8c1759e0f244" CLIENT-IP="62.37.212.68:26958" X-SITE-DEPLOYMENT-ID="mcp-bc-javi" WAS-DEFAULT-HOSTNAME="mcp-bc-javi-chb7bue4evbkeyb0.scm.westeurope-01.azurewebsites.net" X-Forwarded-Proto="https" X-AppService-Proto="https" X-Forwarded-TlsVersion="1.3" X-WAWS-Unencoded-URL="/api/zipdeploy?isAsync=true" X-Client-IP="62.37.212.68" X-Client-Port="26958" >
  <step title="Cleanup Xml Logs" date="2025-07-04T08:54:38.316" /><!-- duration: 13ms -->
  <step title="ZipPushDeploy" date="2025-07-04T08:54:38.345" >
    <step title="ZipDeploy. Extract zip." date="2025-07-04T08:54:38.359" /><!-- duration: 5ms -->
    <step title="Starting PushDeployAsync" date="2025-07-04T08:54:38.372" /><!-- duration: 5ms -->
    <step title="Writing artifact to /tmp/zipdeploy/9b4f0754-e248-4e71-b524-c1d395ae8f5d.zip" date="2025-07-04T08:54:38.392" >
      <step title="Writing multipart request body to /tmp/zipdeploy/9b4f0754-e248-4e71-b524-c1d395ae8f5d.zip" date="2025-07-04T08:54:38.397" /><!-- duration: 5ms -->
    </step><!-- duration: 18ms -->
    <step title="Start deployment in the background" date="2025-07-04T08:54:38.426" >
      <step title="Acquiring Deployment Lock" date="2025-07-04T08:54:38.446" /><!-- duration: 5ms -->
      <step title="Acquired Deployment Lock" date="2025-07-04T08:54:38.553" /><!-- duration: 5ms -->
    </step><!-- duration: 279ms -->
  </step><!-- duration: 366ms -->
  <step title="Outgoing response" date="2025-07-04T08:54:38.716" type="response" statusCode="202" statusText="Accepted" /><!-- duration: 5ms -->
</step><!-- duration: 431ms -->
