<step title="BackgroundTrace" date="2025-07-04T16:16:11.100" instance="42864b" url="/api/zipdeploy" method="POST" >
  <step title="Creating temporary deployment - FetchDeploymentManager" date="2025-07-04T16:16:11.173" /><!-- duration: 5ms -->
  <step title="Creating temporary deployment" date="2025-07-04T16:16:11.183" /><!-- duration: 60ms -->
  <step title="Performing fetch based deployment" date="2025-07-04T16:16:11.300" >
    <step title="Cleaning up temp folders from previous zip deployments and extracting pushed zip file /tmp/zipdeploy/88503194-c713-49ad-9a3c-3ef9a81f95b2.zip (0.06 MB) to /tmp/zipdeploy/extracted" date="2025-07-04T16:16:12.502" >
      <step title="ChmodRecursive Process exited with total time taken in ms: 20" date="2025-07-04T16:16:12.556" /><!-- duration: 5ms -->
    </step><!-- duration: 64ms -->
    <step title="Deployment timer started" date="2025-07-04T16:16:14.581" >
      <step title="DeploymentManager.Deploy(id:8ecd209b-9be8-4949-aa93-5ffcaa5f7506)" date="2025-07-04T16:16:14.593" >
        <step title="Collecting changeset information" date="2025-07-04T16:16:14.614" /><!-- duration: 133ms -->
        <step title="Updating submodules" date="2025-07-04T16:16:14.766" /><!-- duration: 1114ms -->
        <step title="Determining deployment builder" date="2025-07-04T16:16:16.111" >
          <step title="Builder is OryxBuilder" date="2025-07-04T16:16:16.138" /><!-- duration: 17ms -->
        </step><!-- duration: 53ms -->
        <step title="PreDeployment: context.CleanOutputPath False" date="2025-07-04T16:16:16.251" >
          <step title="PreDeployment: context.OutputPath /home/site/wwwroot" date="2025-07-04T16:16:16.883" >
            <step title="Building" date="2025-07-04T16:16:17.022" >
              <step title="Executing external process" date="2025-07-04T16:16:17.362" type="process" path="bash" arguments="-c &quot;oryx build /tmp/zipdeploy/extracted -o /home/site/wwwroot --platform python --platform-version 3.11 -p virtualenv_name=antenv --log-file /tmp/build-debug.log  -i /tmp/8ddbb161a51c745 --compress-destination-dir | tee /tmp/oryx-build.log ; exit $PIPESTATUS &quot;" /><!-- duration: 35973ms -->
              <step title="Using PythonDeploymentLogParser" date="2025-07-04T16:16:53.806" /><!-- duration: 5ms -->
              <step title="Triggering recycle (preview mode disabled)." date="2025-07-04T16:16:55.096" /><!-- duration: 10ms -->
              <step title="Modified file to trigger a restart of the app container." date="2025-07-04T16:16:55.138" /><!-- duration: 11ms -->
              <step title="Skip function trigger and logicapp sync because function is not enabled." date="2025-07-04T16:16:55.160" /><!-- duration: 5ms -->
            </step><!-- duration: 39162ms -->
          </step><!-- duration: 39326ms -->
          <step title="Cleaning up temp files" date="2025-07-04T16:16:56.218" /><!-- duration: 2088ms -->
          <step title="Cleaning up temp files" date="2025-07-04T16:16:58.318" /><!-- duration: 508ms -->
          <step title="Reloading status file with latest updates" date="2025-07-04T16:16:58.881" >
            <step title="WebHooksManager.PublishEventAsync: PostDeployment" date="2025-07-04T16:16:58.888" /><!-- duration: 155ms -->
          </step><!-- duration: 167ms -->
          <step title="Cleaning up temporary deployment - fetch deployment was successful" date="2025-07-04T16:16:59.063" /><!-- duration: 7ms -->
        </step><!-- duration: 42915ms -->
      </step><!-- duration: 44608ms -->
