<step title="Incoming Request" date="2025-07-05T16:25:16.796" instance="640bf5" url="/api/publish?type=zip" method="POST" type="request" pid="768,1,21" Accept="*/*" Host="mcp-bc-javi-chb7bue4evbkeyb0.scm.westeurope-01.azurewebsites.net" User-Agent="AZURECLI/2.63.0 (MSI)" Accept-Encoding="gzip, deflate" Authorization="Bea..." Cache-Control="no-cache" Content-Type="application/octet-stream" Content-Length="15017" x-ms-client-request-id="97c27a64-59bc-11f0-8aed-8c1759e0f244" x-ms-artifact-checksum="cfa3135e75ca0798bf86310bb6bae9b50d47816d746c9b4b4774c8bdf459f0bf" X-ARR-LOG-ID="97c27a64-59bc-11f0-8aed-8c1759e0f244" CLIENT-IP="149.74.208.147:61257" X-SITE-DEPLOYMENT-ID="mcp-bc-javi" WAS-DEFAULT-HOSTNAME="mcp-bc-javi-chb7bue4evbkeyb0.scm.westeurope-01.azurewebsites.net" X-Forwarded-Proto="https" X-AppService-Proto="https" X-Forwarded-TlsVersion="1.3" X-WAWS-Unencoded-URL="/api/publish?type=zip" X-Client-IP="149.74.208.147" X-Client-Port="61257" >
  <step title="Cleanup Xml Logs" date="2025-07-05T16:25:16.802" /><!-- duration: 16ms -->
  <step title="OneDeploy" date="2025-07-05T16:25:16.972" >
    <step title="Starting PushDeployAsync" date="2025-07-05T16:25:16.989" /><!-- duration: 5ms -->
    <step title="Writing artifact to /tmp/zipdeploy/583fd935-80e0-4912-bfb7-ff2a736ca6bc.zip" date="2025-07-05T16:25:17.032" >
      <step title="Writing multipart request body to /tmp/zipdeploy/583fd935-80e0-4912-bfb7-ff2a736ca6bc.zip" date="2025-07-05T16:25:17.037" /><!-- duration: 6ms -->
    </step><!-- duration: 76ms -->
    <step title="Removing previous build artifact&apos;s manifest file" date="2025-07-05T16:25:17.116" >
      <step title="Attempting to fetch target branch HEAD" date="2025-07-05T16:25:17.156" /><!-- duration: 5ms -->
      <step title="Acquiring Deployment Lock" date="2025-07-05T16:25:17.167" /><!-- duration: 10ms -->
      <step title="Acquired Deployment Lock" date="2025-07-05T16:25:17.251" /><!-- duration: 5ms -->
      <step title="Performing fetch based deployment" date="2025-07-05T16:25:17.270" >
        <step title="Creating temporary deployment" date="2025-07-05T16:25:17.280" /><!-- duration: 164ms -->
        <step title="Releasing Deployment Lock" date="2025-07-05T16:25:18.674" /><!-- duration: 19ms -->
        <step title="Cleaning up temp folders from previous zip deployments and extracting pushed zip file /tmp/zipdeploy/583fd935-80e0-4912-bfb7-ff2a736ca6bc.zip (0.01 MB) to /tmp/zipdeploy/extracted" date="2025-07-05T16:25:18.751" >
          <step title="ChmodRecursive Process exited with total time taken in ms: 123" date="2025-07-05T16:25:18.935" /><!-- duration: 19ms -->
        </step><!-- duration: 215ms -->
        <step title="None repository commit" date="2025-07-05T16:25:18.974" >
          <step title="Commit id: 13f1c3c5-6fb0-4dcf-a526-e2f72db60311" date="2025-07-05T16:25:18.986" Message="OneDeploy" AuthorName="N/A" AuthorEmail="N/A" /><!-- duration: 5ms -->
        </step><!-- duration: 23ms -->
        <step title="Deployment timer started" date="2025-07-05T16:25:21.004" >
          <step title="DeploymentManager.Deploy(id:13f1c3c5-6fb0-4dcf-a526-e2f72db60311)" date="2025-07-05T16:25:21.020" >
            <step title="Collecting changeset information" date="2025-07-05T16:25:21.062" /><!-- duration: 112ms -->
            <step title="Updating submodules" date="2025-07-05T16:25:21.184" /><!-- duration: 1148ms -->
            <step title="Determining deployment builder" date="2025-07-05T16:25:22.741" >
              <step title="Builder is OryxBuilder" date="2025-07-05T16:25:22.827" /><!-- duration: 15ms -->
            </step><!-- duration: 121ms -->
            <step title="PreDeployment: context.CleanOutputPath False" date="2025-07-05T16:25:22.994" >
              <step title="PreDeployment: context.OutputPath /home/site/wwwroot" date="2025-07-05T16:25:23.186" >
                <step title="Building" date="2025-07-05T16:25:23.335" >
                  <step title="Executing external process" date="2025-07-05T16:25:23.696" type="process" path="bash" arguments="-c &quot;oryx build /tmp/zipdeploy/extracted -o /home/site/wwwroot --platform python --platform-version 3.11 -p virtualenv_name=antenv --log-file /tmp/build-debug.log  -i /tmp/8ddbbe08a97a78c --compress-destination-dir | tee /tmp/oryx-build.log ; exit $PIPESTATUS &quot;" /><!-- duration: 54970ms -->
                  <step title="Using PythonDeploymentLogParser" date="2025-07-05T16:26:19.105" /><!-- duration: 5ms -->
                  <step title="Modified file to trigger a restart of the app container." date="2025-07-05T16:26:20.531" /><!-- duration: 13ms -->
                  <step title="Skip function trigger and logicapp sync because function is not enabled." date="2025-07-05T16:26:20.571" /><!-- duration: 12ms -->
                  <step title="Purge deployment items" date="2025-07-05T16:26:21.747" >
                    <step title="Remove 8ecd209b-, Success, received at 07/04/2025 16:16:14" date="2025-07-05T16:26:21.816" /><!-- duration: 6ms -->
                  </step><!-- duration: 80ms -->
                </step><!-- duration: 58577ms -->
              </step><!-- duration: 58734ms -->
              <step title="Cleaning up temp files" date="2025-07-05T16:26:21.925" /><!-- duration: 1837ms -->
              <step title="Cleaning up temp files" date="2025-07-05T16:26:23.771" /><!-- duration: 515ms -->
              <step title="Reloading status file with latest updates" date="2025-07-05T16:26:24.328" >
                <step title="WebHooksManager.PublishEventAsync: PostDeployment" date="2025-07-05T16:26:24.334" /><!-- duration: 45ms -->
              </step><!-- duration: 57ms -->
              <step title="Cleaning up temporary deployment - fetch deployment was successful" date="2025-07-05T16:26:24.395" /><!-- duration: 5ms -->
            </step><!-- duration: 61464ms -->
          </step><!-- duration: 63454ms -->
          <step title="Outgoing response" date="2025-07-05T16:26:24.484" type="response" statusCode="200" statusText="OK" /><!-- duration: 5ms -->
        </step><!-- duration: 63493ms -->
