<step title="Incoming Request" date="2025-07-06T19:07:00.264" instance="640bf5" url="/api/publish?type=zip" method="POST" type="request" pid="767,1,16" Accept="*/*" Host="mcp-bc-javi-chb7bue4evbkeyb0.scm.westeurope-01.azurewebsites.net" User-Agent="AZURECLI/2.63.0 (MSI)" Accept-Encoding="gzip, deflate" Authorization="Bea..." Cache-Control="no-cache" Content-Type="application/octet-stream" Content-Length="26259" x-ms-client-request-id="621d978d-5a9c-11f0-bb29-8c1759e0f244" x-ms-artifact-checksum="cb667fcfd2a165394dc92b47005b1ac91abaa0cda2b8ee3243e47bb219fd5753" X-ARR-LOG-ID="621d978d-5a9c-11f0-bb29-8c1759e0f244" CLIENT-IP="149.74.208.147:49936" X-SITE-DEPLOYMENT-ID="mcp-bc-javi" WAS-DEFAULT-HOSTNAME="mcp-bc-javi-chb7bue4evbkeyb0.scm.westeurope-01.azurewebsites.net" X-Forwarded-Proto="https" X-AppService-Proto="https" X-Forwarded-TlsVersion="1.3" X-WAWS-Unencoded-URL="/api/publish?type=zip" X-Client-IP="149.74.208.147" X-Client-Port="49936" >
  <step title="Cleanup Xml Logs" date="2025-07-06T19:07:00.270" >
    <step title="Cleanup Infos" date="2025-07-06T19:07:00.287" totalFiles="258" totalCleanup="98" /><!-- duration: 6ms -->
  </step><!-- duration: 27ms -->
  <step title="OneDeploy" date="2025-07-06T19:07:00.331" >
    <step title="Starting PushDeployAsync" date="2025-07-06T19:07:00.349" /><!-- duration: 5ms -->
    <step title="Writing artifact to /tmp/zipdeploy/0e095e2a-8ae6-49e9-b691-d6fb20fc63a2.zip" date="2025-07-06T19:07:00.370" >
      <step title="Writing multipart request body to /tmp/zipdeploy/0e095e2a-8ae6-49e9-b691-d6fb20fc63a2.zip" date="2025-07-06T19:07:00.376" /><!-- duration: 8ms -->
    </step><!-- duration: 93ms -->
    <step title="Removing previous build artifact&apos;s manifest file" date="2025-07-06T19:07:00.472" >
      <step title="Attempting to fetch target branch HEAD" date="2025-07-06T19:07:00.496" /><!-- duration: 5ms -->
      <step title="Acquiring Deployment Lock" date="2025-07-06T19:07:00.507" /><!-- duration: 13ms -->
      <step title="Acquired Deployment Lock" date="2025-07-06T19:07:00.566" /><!-- duration: 5ms -->
      <step title="Performing fetch based deployment" date="2025-07-06T19:07:00.588" >
        <step title="Creating temporary deployment" date="2025-07-06T19:07:00.594" /><!-- duration: 83ms -->
        <step title="Releasing Deployment Lock" date="2025-07-06T19:07:01.943" /><!-- duration: 48ms -->
        <step title="Cleaning up temp folders from previous zip deployments and extracting pushed zip file /tmp/zipdeploy/0e095e2a-8ae6-49e9-b691-d6fb20fc63a2.zip (0.03 MB) to /tmp/zipdeploy/extracted" date="2025-07-06T19:07:02.075" >
          <step title="ChmodRecursive Process exited with total time taken in ms: 89" date="2025-07-06T19:07:02.225" /><!-- duration: 12ms -->
        </step><!-- duration: 168ms -->
        <step title="None repository commit" date="2025-07-06T19:07:02.254" >
          <step title="Commit id: 2d3a7262-22b6-488a-a6f2-0584c9bceb55" date="2025-07-06T19:07:02.260" Message="OneDeploy" AuthorName="N/A" AuthorEmail="N/A" /><!-- duration: 14ms -->
        </step><!-- duration: 25ms -->
        <step title="Deployment timer started" date="2025-07-06T19:07:04.299" >
          <step title="DeploymentManager.Deploy(id:2d3a7262-22b6-488a-a6f2-0584c9bceb55)" date="2025-07-06T19:07:04.311" >
            <step title="Collecting changeset information" date="2025-07-06T19:07:04.345" /><!-- duration: 91ms -->
            <step title="Updating submodules" date="2025-07-06T19:07:04.448" /><!-- duration: 1187ms -->
            <step title="Determining deployment builder" date="2025-07-06T19:07:05.879" >
              <step title="Builder is OryxBuilder" date="2025-07-06T19:07:05.907" /><!-- duration: 5ms -->
            </step><!-- duration: 39ms -->
            <step title="PreDeployment: context.CleanOutputPath False" date="2025-07-06T19:07:05.971" >
              <step title="PreDeployment: context.OutputPath /home/site/wwwroot" date="2025-07-06T19:07:06.222" >
                <step title="Building" date="2025-07-06T19:07:06.625" >
                  <step title="Executing external process" date="2025-07-06T19:07:07.152" type="process" path="bash" arguments="-c &quot;oryx build /tmp/zipdeploy/extracted -o /home/site/wwwroot --platform python --platform-version 3.12 -p virtualenv_name=antenv --log-file /tmp/build-debug.log  -i /tmp/8ddbcc04c79db63 --compress-destination-dir | tee /tmp/oryx-build.log ; exit $PIPESTATUS &quot;" /><!-- duration: 94511ms -->
                  <step title="Using PythonDeploymentLogParser" date="2025-07-06T19:08:42.181" /><!-- duration: 6ms -->
                  <step title="Modified file to trigger a restart of the app container." date="2025-07-06T19:08:43.489" /><!-- duration: 8ms -->
                  <step title="Skip function trigger and logicapp sync because function is not enabled." date="2025-07-06T19:08:43.503" /><!-- duration: 8ms -->
                  <step title="Purge deployment items" date="2025-07-06T19:08:44.893" >
                    <step title="Remove 13f1c3c5-, Success, received at 07/05/2025 16:25:21" date="2025-07-06T19:08:44.988" /><!-- duration: 14ms -->
                  </step><!-- duration: 115ms -->
                </step><!-- duration: 98454ms -->
              </step><!-- duration: 98865ms -->
              <step title="Cleaning up temp files" date="2025-07-06T19:08:45.095" /><!-- duration: 2235ms -->
              <step title="Cleaning up temp files" date="2025-07-06T19:08:47.335" /><!-- duration: 511ms -->
              <step title="Reloading status file with latest updates" date="2025-07-06T19:08:47.888" >
                <step title="WebHooksManager.PublishEventAsync: PostDeployment" date="2025-07-06T19:08:47.903" /><!-- duration: 33ms -->
              </step><!-- duration: 54ms -->
              <step title="Cleaning up temporary deployment - fetch deployment was successful" date="2025-07-06T19:08:47.953" /><!-- duration: 5ms -->
            </step><!-- duration: 102068ms -->
          </step><!-- duration: 103737ms -->
          <step title="Outgoing response" date="2025-07-06T19:08:48.062" type="response" statusCode="200" statusText="OK" /><!-- duration: 5ms -->
        </step><!-- duration: 103776ms -->
