<step title="BackgroundTrace" date="2025-07-05T14:31:21.619" instance="640bf5" url="/api/zipdeploy" method="POST" >
  <step title="Creating temporary deployment - FetchDeploymentManager" date="2025-07-05T14:31:21.785" /><!-- duration: 5ms -->
  <step title="Creating temporary deployment" date="2025-07-05T14:31:21.797" /><!-- duration: 142ms -->
  <step title="Performing fetch based deployment" date="2025-07-05T14:31:22.074" >
    <step title="Cleaning up temp folders from previous zip deployments and extracting pushed zip file /tmp/zipdeploy/73359b5d-a2e0-42e6-9753-90ea80501438.zip (0.07 MB) to /tmp/zipdeploy/extracted" date="2025-07-05T14:31:23.756" >
      <step title="ChmodRecursive Process exited with total time taken in ms: 102" date="2025-07-05T14:31:23.950" /><!-- duration: 15ms -->
    </step><!-- duration: 242ms -->
    <step title="Deployment timer started" date="2025-07-05T14:31:26.082" >
      <step title="DeploymentManager.Deploy(id:8680a0e0-4764-4c24-91c8-3ef52caee307)" date="2025-07-05T14:31:26.169" >
        <step title="Collecting changeset information" date="2025-07-05T14:31:26.269" /><!-- duration: 291ms -->
        <step title="Updating submodules" date="2025-07-05T14:31:26.588" /><!-- duration: 1218ms -->
        <step title="Determining deployment builder" date="2025-07-05T14:31:28.087" >
          <step title="Builder is OryxBuilder" date="2025-07-05T14:31:28.213" /><!-- duration: 18ms -->
        </step><!-- duration: 174ms -->
        <step title="PreDeployment: context.CleanOutputPath False" date="2025-07-05T14:31:28.330" >
          <step title="PreDeployment: context.OutputPath /home/site/wwwroot" date="2025-07-05T14:31:28.458" >
            <step title="Building" date="2025-07-05T14:31:28.617" >
              <step title="Executing external process" date="2025-07-05T14:31:29.770" type="process" path="bash" arguments="-c &quot;oryx build /tmp/zipdeploy/extracted -o /home/site/wwwroot --platform python --platform-version 3.11 -p virtualenv_name=antenv --log-file /tmp/build-debug.log  -i /tmp/8ddbbd0a0da942c --compress-destination-dir | tee /tmp/oryx-build.log ; exit $PIPESTATUS &quot;" /><!-- duration: 107348ms -->
              <step title="Using PythonDeploymentLogParser" date="2025-07-05T14:33:17.637" /><!-- duration: 5ms -->
              <step title="Triggering recycle (preview mode disabled)." date="2025-07-05T14:33:18.833" /><!-- duration: 32ms -->
              <step title="Modified file to trigger a restart of the app container." date="2025-07-05T14:33:18.916" /><!-- duration: 6ms -->
              <step title="Skip function trigger and logicapp sync because function is not enabled." date="2025-07-05T14:33:18.935" /><!-- duration: 11ms -->
              <step title="Purge deployment items" date="2025-07-05T14:33:20.022" >
                <step title="Remove 70cbd56a-, Success, received at 07/04/2025 09:20:25" date="2025-07-05T14:33:20.110" /><!-- duration: 5ms -->
              </step><!-- duration: 97ms -->
            </step><!-- duration: 111574ms -->
          </step><!-- duration: 111741ms -->
          <step title="Cleaning up temp files" date="2025-07-05T14:33:20.205" /><!-- duration: 1845ms -->
          <step title="Cleaning up temp files" date="2025-07-05T14:33:22.061" /><!-- duration: 518ms -->
          <step title="Reloading status file with latest updates" date="2025-07-05T14:33:22.620" >
            <step title="WebHooksManager.PublishEventAsync: PostDeployment" date="2025-07-05T14:33:22.637" /><!-- duration: 112ms -->
          </step><!-- duration: 134ms -->
          <step title="Cleaning up temporary deployment - fetch deployment was successful" date="2025-07-05T14:33:22.772" /><!-- duration: 23ms -->
        </step><!-- duration: 114541ms -->
      </step><!-- duration: 116730ms -->
