<step title="Incoming Request" date="2025-07-04T12:57:27.967" instance="70a632" url="/api/zipdeploy?isAsync=true" method="POST" type="request" pid="768,1,55" Accept="*/*" Host="mcp-bc-javi-chb7bue4evbkeyb0.scm.westeurope-01.azurewebsites.net" User-Agent="AZURECLI/2.63.0 (MSI)" Accept-Encoding="gzip, deflate" Authorization="Bea..." Cache-Control="no-cache" Content-Type="application/octet-stream" Content-Length="60792" x-ms-client-request-id="688318ad-58d6-11f0-ba96-8c1759e0f244" x-ms-artifact-checksum="4636d8a768e92bb0b02d5b9d2475c6fcf936e91663a19f1c45366e7240dedb8e" X-ARR-LOG-ID="688318ad-58d6-11f0-ba96-8c1759e0f244" CLIENT-IP="62.37.212.68:27235" X-SITE-DEPLOYMENT-ID="mcp-bc-javi" WAS-DEFAULT-HOSTNAME="mcp-bc-javi-chb7bue4evbkeyb0.scm.westeurope-01.azurewebsites.net" X-Forwarded-Proto="https" X-AppService-Proto="https" X-Forwarded-TlsVersion="1.3" X-WAWS-Unencoded-URL="/api/zipdeploy?isAsync=true" X-Client-IP="62.37.212.68" X-Client-Port="27235" >
  <step title="Cleanup Xml Logs" date="2025-07-04T12:57:28.043" /><!-- duration: 27ms -->
  <step title="ZipPushDeploy" date="2025-07-04T12:57:29.225" >
    <step title="ZipDeploy. Extract zip. Remote build." date="2025-07-04T12:57:29.246" /><!-- duration: 7ms -->
    <step title="None repository commit" date="2025-07-04T12:57:29.280" >
      <step title="Commit id: dd034b41-a538-4d2f-ba9d-6634bbb31dfa" date="2025-07-04T12:57:29.292" Message="N/A" AuthorName="N/A" AuthorEmail="N/A" /><!-- duration: 10ms -->
    </step><!-- duration: 29ms -->
    <step title="Starting PushDeployAsync" date="2025-07-04T12:57:29.345" /><!-- duration: 6ms -->
    <step title="Writing artifact to /tmp/zipdeploy/5ffd1cbc-da38-4f9f-b79c-4af6aae659d5.zip" date="2025-07-04T12:57:29.514" >
      <step title="Writing multipart request body to /tmp/zipdeploy/5ffd1cbc-da38-4f9f-b79c-4af6aae659d5.zip" date="2025-07-04T12:57:29.531" /><!-- duration: 20ms -->
    </step><!-- duration: 184ms -->
    <step title="Removing previous build artifact&apos;s manifest file" date="2025-07-04T12:57:29.711" >
      <step title="Start deployment in the background" date="2025-07-04T12:57:29.767" >
        <step title="Acquiring Deployment Lock" date="2025-07-04T12:57:29.804" /><!-- duration: 9ms -->
        <step title="Acquired Deployment Lock" date="2025-07-04T12:57:29.883" /><!-- duration: 8ms -->
      </step><!-- duration: 724ms -->
    </step><!-- duration: 823ms -->
    <step title="Outgoing response" date="2025-07-04T12:57:30.543" type="response" statusCode="202" statusText="Accepted" /><!-- duration: 12ms -->
  </step><!-- duration: 1338ms -->
