<step title="Incoming Request" date="2025-07-06T20:27:13.448" instance="640bf5" url="/api/publish?type=zip" method="POST" type="request" pid="767,1,20" Accept="*/*" Host="mcp-bc-javi-chb7bue4evbkeyb0.scm.westeurope-01.azurewebsites.net" User-Agent="AZURECLI/2.63.0 (MSI)" Accept-Encoding="gzip, deflate" Authorization="Bea..." Cache-Control="no-cache" Content-Type="application/octet-stream" Content-Length="25775" x-ms-client-request-id="931b2f9a-5aa7-11f0-8b0c-8c1759e0f244" x-ms-artifact-checksum="d4229a8946b317fb2ed43fe39587f28e982c5ff46fe0d7208f9a5d53c354813c" X-ARR-LOG-ID="931b2f9a-5aa7-11f0-8b0c-8c1759e0f244" CLIENT-IP="149.74.208.147:50562" X-SITE-DEPLOYMENT-ID="mcp-bc-javi" WAS-DEFAULT-HOSTNAME="mcp-bc-javi-chb7bue4evbkeyb0.scm.westeurope-01.azurewebsites.net" X-Forwarded-Proto="https" X-AppService-Proto="https" X-Forwarded-TlsVersion="1.3" X-WAWS-Unencoded-URL="/api/publish?type=zip" X-Client-IP="149.74.208.147" X-Client-Port="50562" >
  <step title="Cleanup Xml Logs" date="2025-07-06T20:27:13.469" >
    <step title="Cleanup Infos" date="2025-07-06T20:27:13.518" totalFiles="260" totalCleanup="100" /><!-- duration: 29ms -->
  </step><!-- duration: 97ms -->
  <step title="OneDeploy" date="2025-07-06T20:27:13.688" >
    <step title="Starting PushDeployAsync" date="2025-07-06T20:27:13.775" /><!-- duration: 11ms -->
    <step title="Writing artifact to /tmp/zipdeploy/d1e1f123-ecac-483e-9e68-23ac24ccb37b.zip" date="2025-07-06T20:27:13.936" >
      <step title="Writing multipart request body to /tmp/zipdeploy/d1e1f123-ecac-483e-9e68-23ac24ccb37b.zip" date="2025-07-06T20:27:13.955" /><!-- duration: 11ms -->
    </step><!-- duration: 208ms -->
    <step title="Removing previous build artifact&apos;s manifest file" date="2025-07-06T20:27:14.195" >
      <step title="Attempting to fetch target branch HEAD" date="2025-07-06T20:27:14.245" /><!-- duration: 22ms -->
      <step title="Acquiring Deployment Lock" date="2025-07-06T20:27:14.323" /><!-- duration: 10ms -->
      <step title="Acquired Deployment Lock" date="2025-07-06T20:27:14.435" /><!-- duration: 10ms -->
      <step title="Performing fetch based deployment" date="2025-07-06T20:27:14.460" >
        <step title="Creating temporary deployment" date="2025-07-06T20:27:14.466" /><!-- duration: 137ms -->
        <step title="Releasing Deployment Lock" date="2025-07-06T20:27:16.057" /><!-- duration: 90ms -->
        <step title="Cleaning up temp folders from previous zip deployments and extracting pushed zip file /tmp/zipdeploy/d1e1f123-ecac-483e-9e68-23ac24ccb37b.zip (0.02 MB) to /tmp/zipdeploy/extracted" date="2025-07-06T20:27:16.220" >
          <step title="ChmodRecursive Process exited with total time taken in ms: 636" date="2025-07-06T20:27:17.216" /><!-- duration: 52ms -->
        </step><!-- duration: 1206ms -->
        <step title="None repository commit" date="2025-07-06T20:27:17.476" >
          <step title="Commit id: 8651b127-a9c7-4e85-8c5d-5ae0741d97f7" date="2025-07-06T20:27:17.536" Message="OneDeploy" AuthorName="N/A" AuthorEmail="N/A" /><!-- duration: 80ms -->
        </step><!-- duration: 223ms -->
        <step title="Deployment timer started" date="2025-07-06T20:27:19.785" >
          <step title="DeploymentManager.Deploy(id:8651b127-a9c7-4e85-8c5d-5ae0741d97f7)" date="2025-07-06T20:27:19.894" >
            <step title="Collecting changeset information" date="2025-07-06T20:27:20.083" /><!-- duration: 271ms -->
            <step title="Updating submodules" date="2025-07-06T20:27:20.384" /><!-- duration: 1292ms -->
            <step title="Determining deployment builder" date="2025-07-06T20:27:22.172" >
              <step title="Builder is OryxBuilder" date="2025-07-06T20:27:22.231" /><!-- duration: 12ms -->
            </step><!-- duration: 98ms -->
            <step title="PreDeployment: context.CleanOutputPath False" date="2025-07-06T20:27:22.502" >
              <step title="PreDeployment: context.OutputPath /home/site/wwwroot" date="2025-07-06T20:27:22.776" >
                <step title="Building" date="2025-07-06T20:27:22.962" >
                  <step title="Executing external process" date="2025-07-06T20:27:23.662" type="process" path="bash" arguments="-c &quot;oryx build /tmp/zipdeploy/extracted -o /home/site/wwwroot --platform python --platform-version 3.12 -p virtualenv_name=antenv --log-file /tmp/build-debug.log  -i /tmp/8ddbccb83421891 --compress-destination-dir | tee /tmp/oryx-build.log ; exit $PIPESTATUS &quot;" /><!-- duration: 79770ms -->
                  <step title="Using PythonDeploymentLogParser" date="2025-07-06T20:28:43.848" /><!-- duration: 5ms -->
                  <step title="Modified file to trigger a restart of the app container." date="2025-07-06T20:28:45.161" /><!-- duration: 8ms -->
                  <step title="Skip function trigger and logicapp sync because function is not enabled." date="2025-07-06T20:28:45.176" /><!-- duration: 11ms -->
                  <step title="Purge deployment items" date="2025-07-06T20:28:46.565" >
                    <step title="Remove e7daf6ba-, Success, received at 07/05/2025 16:47:16" date="2025-07-06T20:28:46.676" /><!-- duration: 5ms -->
                  </step><!-- duration: 121ms -->
                </step><!-- duration: 83801ms -->
              </step><!-- duration: 83995ms -->
              <step title="Cleaning up temp files" date="2025-07-06T20:28:46.776" /><!-- duration: 2016ms -->
              <step title="Cleaning up temp files" date="2025-07-06T20:28:48.803" /><!-- duration: 515ms -->
              <step title="Reloading status file with latest updates" date="2025-07-06T20:28:49.357" >
                <step title="WebHooksManager.PublishEventAsync: PostDeployment" date="2025-07-06T20:28:49.362" /><!-- duration: 90ms -->
              </step><!-- duration: 101ms -->
              <step title="Cleaning up temporary deployment - fetch deployment was successful" date="2025-07-06T20:28:49.468" /><!-- duration: 6ms -->
            </step><!-- duration: 87044ms -->
          </step><!-- duration: 89663ms -->
          <step title="Outgoing response" date="2025-07-06T20:28:49.573" type="response" statusCode="200" statusText="OK" /><!-- duration: 6ms -->
        </step><!-- duration: 89799ms -->
