<step title="Incoming Request" date="2025-07-06T14:48:38.222" instance="640bf5" url="/api/publish?type=zip" method="POST" type="request" pid="770,1,3" Accept="*/*" Host="mcp-bc-javi-chb7bue4evbkeyb0.scm.westeurope-01.azurewebsites.net" User-Agent="AZURECLI/2.63.0 (MSI)" Accept-Encoding="gzip, deflate" Authorization="Bea..." Cache-Control="no-cache" Content-Type="application/octet-stream" Content-Length="23415" x-ms-client-request-id="4a0ae91b-5a78-11f0-8eaa-8c1759e0f244" x-ms-artifact-checksum="2c5cd80cd64276a92274ad890ffe3d711d17d8a5b312af44ea10b16751e8d1b5" X-ARR-LOG-ID="4a0ae91b-5a78-11f0-8eaa-8c1759e0f244" CLIENT-IP="149.74.208.147:64277" X-SITE-DEPLOYMENT-ID="mcp-bc-javi" WAS-DEFAULT-HOSTNAME="mcp-bc-javi-chb7bue4evbkeyb0.scm.westeurope-01.azurewebsites.net" X-Forwarded-Proto="https" X-AppService-Proto="https" X-Forwarded-TlsVersion="1.3" X-WAWS-Unencoded-URL="/api/publish?type=zip" X-Client-IP="149.74.208.147" X-Client-Port="64277" >
  <step title="Cleanup Xml Logs" date="2025-07-06T14:48:38.237" >
    <step title="Cleanup Infos" date="2025-07-06T14:48:38.257" totalFiles="227" totalCleanup="67" /><!-- duration: 12ms -->
  </step><!-- duration: 38ms -->
  <step title="OneDeploy" date="2025-07-06T14:48:38.354" >
    <step title="Starting PushDeployAsync" date="2025-07-06T14:48:38.370" /><!-- duration: 5ms -->
    <step title="Writing artifact to /tmp/zipdeploy/4eeeac37-c462-4a44-9814-2663e1604681.zip" date="2025-07-06T14:48:38.393" >
      <step title="Writing multipart request body to /tmp/zipdeploy/4eeeac37-c462-4a44-9814-2663e1604681.zip" date="2025-07-06T14:48:38.398" /><!-- duration: 16ms -->
    </step><!-- duration: 75ms -->
    <step title="Removing previous build artifact&apos;s manifest file" date="2025-07-06T14:48:38.480" >
      <step title="Attempting to fetch target branch HEAD" date="2025-07-06T14:48:38.510" /><!-- duration: 5ms -->
      <step title="Acquiring Deployment Lock" date="2025-07-06T14:48:38.521" /><!-- duration: 14ms -->
      <step title="Acquired Deployment Lock" date="2025-07-06T14:48:38.577" /><!-- duration: 11ms -->
      <step title="Performing fetch based deployment" date="2025-07-06T14:48:38.601" >
        <step title="Creating temporary deployment" date="2025-07-06T14:48:38.608" /><!-- duration: 91ms -->
        <step title="Releasing Deployment Lock" date="2025-07-06T14:48:39.858" /><!-- duration: 13ms -->
        <step title="Cleaning up temp folders from previous zip deployments and extracting pushed zip file /tmp/zipdeploy/4eeeac37-c462-4a44-9814-2663e1604681.zip (0.02 MB) to /tmp/zipdeploy/extracted" date="2025-07-06T14:48:39.915" >
          <step title="ChmodRecursive Process exited with total time taken in ms: 121" date="2025-07-06T14:48:40.137" /><!-- duration: 10ms -->
        </step><!-- duration: 236ms -->
        <step title="None repository commit" date="2025-07-06T14:48:40.157" >
          <step title="Commit id: f4dc37d1-a557-4acd-ba20-ba19b0575c40" date="2025-07-06T14:48:40.161" Message="OneDeploy" AuthorName="N/A" AuthorEmail="N/A" /><!-- duration: 5ms -->
        </step><!-- duration: 15ms -->
        <step title="Deployment timer started" date="2025-07-06T14:48:42.188" >
          <step title="DeploymentManager.Deploy(id:f4dc37d1-a557-4acd-ba20-ba19b0575c40)" date="2025-07-06T14:48:42.199" >
            <step title="Collecting changeset information" date="2025-07-06T14:48:42.231" /><!-- duration: 88ms -->
            <step title="Updating submodules" date="2025-07-06T14:48:42.337" /><!-- duration: 1162ms -->
            <step title="Determining deployment builder" date="2025-07-06T14:48:43.754" >
              <step title="Builder is OryxBuilder" date="2025-07-06T14:48:43.774" /><!-- duration: 5ms -->
            </step><!-- duration: 30ms -->
            <step title="PreDeployment: context.CleanOutputPath False" date="2025-07-06T14:48:43.834" >
              <step title="PreDeployment: context.OutputPath /home/site/wwwroot" date="2025-07-06T14:48:43.977" >
                <step title="Building" date="2025-07-06T14:48:44.117" >
                  <step title="Executing external process" date="2025-07-06T14:48:44.463" type="process" path="bash" arguments="-c &quot;oryx build /tmp/zipdeploy/extracted -o /home/site/wwwroot --platform python --platform-version 3.12 -p virtualenv_name=antenv --log-file /tmp/build-debug.log  -i /tmp/8ddbc9c347b49f9 --compress-destination-dir | tee /tmp/oryx-build.log ; exit $PIPESTATUS &quot;" /><!-- duration: 74566ms -->
                  <step title="Using PythonDeploymentLogParser" date="2025-07-06T14:49:59.435" /><!-- duration: 6ms -->
                  <step title="Modified file to trigger a restart of the app container." date="2025-07-06T14:50:00.705" /><!-- duration: 7ms -->
                  <step title="Skip function trigger and logicapp sync because function is not enabled." date="2025-07-06T14:50:00.718" /><!-- duration: 8ms -->
                  <step title="Purge deployment items" date="2025-07-06T14:50:01.967" >
                    <step title="Remove 2f5e28d6-, Success, received at 07/04/2025 17:31:20" date="2025-07-06T14:50:02.195" /><!-- duration: 11ms -->
                  </step><!-- duration: 250ms -->
                </step><!-- duration: 78228ms -->
              </step><!-- duration: 78400ms -->
              <step title="Cleaning up temp files" date="2025-07-06T14:50:02.388" /><!-- duration: 2704ms -->
              <step title="Cleaning up temp files" date="2025-07-06T14:50:05.104" /><!-- duration: 510ms -->
              <step title="Reloading status file with latest updates" date="2025-07-06T14:50:05.675" >
                <step title="WebHooksManager.PublishEventAsync: PostDeployment" date="2025-07-06T14:50:05.689" /><!-- duration: 38ms -->
              </step><!-- duration: 57ms -->
              <step title="Cleaning up temporary deployment - fetch deployment was successful" date="2025-07-06T14:50:05.742" /><!-- duration: 5ms -->
            </step><!-- duration: 81984ms -->
          </step><!-- duration: 83626ms -->
          <step title="Outgoing response" date="2025-07-06T14:50:05.842" type="response" statusCode="200" statusText="OK" /><!-- duration: 7ms -->
        </step><!-- duration: 83665ms -->
