<step title="Incoming Request" date="2025-07-04T10:02:49.651" instance="70a632" url="/api/zipdeploy?isAsync=true" method="POST" type="request" pid="768,1,19" Accept="*/*" Host="mcp-bc-javi-chb7bue4evbkeyb0.scm.westeurope-01.azurewebsites.net" User-Agent="AZURECLI/2.63.0 (MSI)" Accept-Encoding="gzip, deflate" Authorization="Bea..." Cache-Control="no-cache" Content-Type="application/octet-stream" Content-Length="49378" x-ms-client-request-id="07d1d65d-58be-11f0-b4dc-8c1759e0f244" x-ms-artifact-checksum="8b1f3af53d3ad7a5d1a51b4d4e193d5f39e71eb5e4600a83c3c08bda020e33a0" X-ARR-LOG-ID="07d1d65d-58be-11f0-b4dc-8c1759e0f244" CLIENT-IP="62.37.212.68:13776" X-SITE-DEPLOYMENT-ID="mcp-bc-javi" WAS-DEFAULT-HOSTNAME="mcp-bc-javi-chb7bue4evbkeyb0.scm.westeurope-01.azurewebsites.net" X-Forwarded-Proto="https" X-AppService-Proto="https" X-Forwarded-TlsVersion="1.3" X-WAWS-Unencoded-URL="/api/zipdeploy?isAsync=true" X-Client-IP="62.37.212.68" X-Client-Port="13776" >
  <step title="Cleanup Xml Logs" date="2025-07-04T10:02:49.659" /><!-- duration: 21ms -->
  <step title="ZipPushDeploy" date="2025-07-04T10:02:49.768" >
    <step title="ZipDeploy. Extract zip. Remote build." date="2025-07-04T10:02:49.793" /><!-- duration: 5ms -->
    <step title="Starting PushDeployAsync" date="2025-07-04T10:02:49.808" /><!-- duration: 5ms -->
    <step title="Writing artifact to /tmp/zipdeploy/a4ef93ee-21b2-4aaa-89a2-6cf215ff5bac.zip" date="2025-07-04T10:02:49.997" >
      <step title="Writing multipart request body to /tmp/zipdeploy/a4ef93ee-21b2-4aaa-89a2-6cf215ff5bac.zip" date="2025-07-04T10:02:50.002" /><!-- duration: 5ms -->
    </step><!-- duration: 99ms -->
    <step title="Removing previous build artifact&apos;s manifest file" date="2025-07-04T10:02:50.106" >
      <step title="Start deployment in the background" date="2025-07-04T10:02:50.125" >
        <step title="Acquiring Deployment Lock" date="2025-07-04T10:02:50.151" /><!-- duration: 5ms -->
        <step title="Acquired Deployment Lock" date="2025-07-04T10:02:50.256" /><!-- duration: 5ms -->
      </step><!-- duration: 255ms -->
    </step><!-- duration: 1812ms -->
    <step title="Outgoing response" date="2025-07-04T10:02:51.939" type="response" statusCode="202" statusText="Accepted" /><!-- duration: 7ms -->
  </step><!-- duration: 2183ms -->
