﻿<?xml version="1.0" encoding="utf-8"?>
<deployment>
  <id>8651b127-a9c7-4e85-8c5d-5ae0741d97f7</id>
  <author>N/A</author>
  <deployer>OneDeploy</deployer>
  <authorEmail>N/A</authorEmail>
  <message>OneDeploy</message>
  <progress></progress>
  <status>Success</status>
  <statusText></statusText>
  <lastSuccessEndTime>2025-07-06T20:28:45.5835566Z</lastSuccessEndTime>
  <receivedTime>2025-07-06T20:27:20.2052052Z</receivedTime>
  <startTime>2025-07-06T20:27:22.0626735Z</startTime>
  <endTime>2025-07-06T20:28:45.5835566Z</endTime>
  <complete>True</complete>
  <is_temp>False</is_temp>
  <is_readonly>True</is_readonly>
  <buildSummary />
</deployment>