﻿<?xml version="1.0" encoding="utf-8"?>
<deployment>
  <id>2d3a7262-22b6-488a-a6f2-0584c9bceb55</id>
  <author>N/A</author>
  <deployer>OneDeploy</deployer>
  <authorEmail>N/A</authorEmail>
  <message>OneDeploy</message>
  <progress></progress>
  <status>Success</status>
  <statusText></statusText>
  <lastSuccessEndTime>2025-07-06T19:08:43.9091585Z</lastSuccessEndTime>
  <receivedTime>2025-07-06T19:07:04.3762963Z</receivedTime>
  <startTime>2025-07-06T19:07:05.8149252Z</startTime>
  <endTime>2025-07-06T19:08:43.9091585Z</endTime>
  <complete>True</complete>
  <is_temp>False</is_temp>
  <is_readonly>True</is_readonly>
  <buildSummary />
</deployment>