﻿<?xml version="1.0" encoding="utf-8"?>
<deployment>
  <id>fa5ec4c8-ac63-4dc7-bfa1-bf86ec956aa3</id>
  <author>N/A</author>
  <deployer>OneDeploy</deployer>
  <authorEmail>N/A</authorEmail>
  <message>OneDeploy</message>
  <progress></progress>
  <status>Success</status>
  <statusText></statusText>
  <lastSuccessEndTime>2025-07-06T15:36:52.0561371Z</lastSuccessEndTime>
  <receivedTime>2025-07-06T15:34:53.4913744Z</receivedTime>
  <startTime>2025-07-06T15:34:54.925456Z</startTime>
  <endTime>2025-07-06T15:36:52.0561371Z</endTime>
  <complete>True</complete>
  <is_temp>False</is_temp>
  <is_readonly>True</is_readonly>
  <buildSummary />
</deployment>